-- phpMyAdmin SQL Dump
-- version 4.5.1
-- http://www.phpmyadmin.net
--
-- Host: 127.0.0.1
-- Generation Time: Jul 01, 2019 at 01:45 PM
-- Server version: 10.1.16-MariaDB
-- PHP Version: 5.6.24

SET SQL_MODE = "NO_AUTO_VALUE_ON_ZERO";
SET time_zone = "+00:00";


/*!40101 SET @OLD_CHARACTER_SET_CLIENT=@@CHARACTER_SET_CLIENT */;
/*!40101 SET @OLD_CHARACTER_SET_RESULTS=@@CHARACTER_SET_RESULTS */;
/*!40101 SET @OLD_COLLATION_CONNECTION=@@COLLATION_CONNECTION */;
/*!40101 SET NAMES utf8mb4 */;

--
-- Database: `uet_db`
--

-- --------------------------------------------------------

--
-- Table structure for table `assign_course`
--

CREATE TABLE `assign_course` (
  `ac_id` int(10) NOT NULL,
  `course_id` int(10) NOT NULL,
  `user_id` int(10) NOT NULL,
  `assign_date` datetime NOT NULL DEFAULT CURRENT_TIMESTAMP
) ENGINE=InnoDB DEFAULT CHARSET=latin1;

--
-- Dumping data for table `assign_course`
--

INSERT INTO `assign_course` (`ac_id`, `course_id`, `user_id`, `assign_date`) VALUES
(1, 2, 2, '2018-12-13 06:18:47'),
(2, 13, 3, '2018-12-13 06:19:20'),
(3, 7, 4, '2018-12-13 06:20:14'),
(4, 22, 5, '2018-12-13 06:20:51'),
(5, 6, 5, '2018-12-13 06:20:51'),
(6, 16, 6, '2018-12-13 06:21:20'),
(7, 14, 16, '2018-12-13 06:22:03'),
(8, 25, 7, '2018-12-13 06:22:57'),
(9, 19, 7, '2018-12-13 06:22:57'),
(10, 20, 8, '2018-12-13 06:23:16'),
(11, 1, 8, '2018-12-13 06:23:16'),
(12, 17, 9, '2018-12-13 06:23:47'),
(13, 11, 10, '2018-12-13 06:24:00'),
(14, 18, 10, '2018-12-13 06:24:00'),
(15, 8, 11, '2018-12-13 06:24:26'),
(16, 12, 11, '2018-12-13 06:24:26'),
(17, 21, 12, '2018-12-13 06:25:27'),
(18, 24, 12, '2018-12-13 06:25:27'),
(19, 23, 9, '2018-12-13 06:26:30'),
(20, 15, 19, '2018-12-13 06:26:54'),
(21, 5, 21, '2018-12-13 21:58:45'),
(22, 10, 21, '2018-12-13 21:58:45'),
(23, 3, 22, '2018-12-13 22:02:16'),
(24, 4, 23, '2018-12-13 22:02:44'),
(25, 9, 24, '2018-12-13 22:03:29'),
(26, 28, 7, '2019-04-05 14:11:53'),
(27, 27, 7, '2019-04-05 14:11:53'),
(28, 26, 6, '2019-04-05 14:12:47'),
(29, 30, 6, '2019-04-05 14:12:47'),
(30, 29, 16, '2019-04-05 14:13:10'),
(31, 34, 2, '2019-04-05 23:12:48'),
(32, 45, 3, '2019-04-05 23:13:36'),
(33, 48, 5, '2019-04-05 23:14:48'),
(34, 37, 4, '2019-04-05 23:15:36'),
(35, 33, 14, '2019-04-05 23:16:29'),
(36, 52, 19, '2019-04-05 23:17:22'),
(37, 32, 29, '2019-04-05 23:18:52'),
(38, 43, 29, '2019-04-05 23:18:52'),
(39, 31, 9, '2019-04-05 23:19:59'),
(40, 47, 9, '2019-04-05 23:19:59'),
(41, 40, 8, '2019-04-05 23:20:48'),
(42, 39, 8, '2019-04-05 23:20:48'),
(43, 42, 10, '2019-04-05 23:21:35'),
(44, 41, 10, '2019-04-05 23:21:35'),
(45, 50, 11, '2019-04-05 23:22:20'),
(46, 49, 11, '2019-04-05 23:22:20'),
(47, 44, 60, '2019-04-05 23:23:01'),
(48, 36, 61, '2019-04-05 23:23:59'),
(49, 35, 12, '2019-04-05 23:24:58'),
(50, 38, 12, '2019-04-05 23:24:58'),
(51, 51, 62, '2019-04-05 23:25:19'),
(52, 46, 46, '2019-04-05 23:25:38'),
(55, 87, 27, '2019-04-11 22:51:22'),
(56, 84, 4, '2019-04-11 22:52:05'),
(57, 75, 2, '2019-04-11 23:39:26'),
(58, 90, 4, '2019-04-11 23:40:38'),
(59, 92, 30, '2019-04-11 23:53:24'),
(60, 93, 30, '2019-04-11 23:53:24'),
(61, 83, 28, '2019-04-11 23:53:46'),
(62, 89, 28, '2019-04-11 23:53:46'),
(63, 80, 32, '2019-04-11 23:54:49'),
(64, 72, 29, '2019-04-11 23:55:18'),
(65, 71, 31, '2019-04-11 23:55:56'),
(66, 81, 31, '2019-04-11 23:55:56'),
(67, 54, 19, '2019-04-11 23:56:56'),
(68, 86, 33, '2019-04-11 23:57:18'),
(69, 63, 21, '2019-04-11 23:57:40'),
(70, 74, 28, '2019-04-11 23:57:55'),
(71, 79, 34, '2019-04-11 23:57:55'),
(72, 99, 34, '2019-04-11 23:57:55'),
(73, 111, 47, '2019-04-11 23:58:49'),
(74, 70, 36, '2019-04-11 23:58:50'),
(75, 77, 37, '2019-04-11 23:59:22'),
(76, 59, 48, '2019-04-12 00:09:34'),
(77, 58, 49, '2019-04-12 00:09:51'),
(78, 110, 50, '2019-04-12 00:10:35'),
(79, 64, 51, '2019-04-12 00:11:42'),
(80, 105, 51, '2019-04-12 00:11:42'),
(81, 107, 52, '2019-04-12 00:12:07'),
(82, 60, 52, '2019-04-12 00:12:07'),
(83, 103, 53, '2019-04-12 00:13:16'),
(84, 100, 53, '2019-04-12 00:13:16'),
(85, 65, 53, '2019-04-12 00:13:16'),
(86, 115, 54, '2019-04-12 00:14:20'),
(87, 112, 54, '2019-04-12 00:14:20'),
(88, 114, 55, '2019-04-12 00:14:35'),
(89, 113, 55, '2019-04-12 00:14:35'),
(90, 106, 56, '2019-04-12 00:15:24'),
(91, 55, 56, '2019-04-12 00:15:24'),
(92, 109, 57, '2019-04-12 00:15:55'),
(93, 108, 57, '2019-04-12 00:15:55'),
(94, 104, 58, '2019-04-12 00:16:40'),
(95, 56, 58, '2019-04-12 00:16:40'),
(96, 57, 59, '2019-04-12 00:17:34'),
(97, 85, 19, '2019-04-12 00:21:26'),
(98, 91, 19, '2019-04-12 00:21:26'),
(99, 76, 14, '2019-04-12 00:22:58'),
(100, 73, 21, '2019-04-12 00:23:44'),
(101, 67, 45, '2019-04-12 00:25:44'),
(102, 95, 45, '2019-04-12 00:25:44'),
(103, 68, 46, '2019-04-12 00:26:13'),
(104, 69, 16, '2019-04-12 00:26:32'),
(105, 97, 16, '2019-04-12 00:26:32'),
(106, 78, 24, '2019-04-12 00:27:06'),
(107, 98, 36, '2019-04-12 00:27:43'),
(108, 94, 38, '2019-04-12 00:30:04'),
(109, 88, 38, '2019-04-12 00:30:04'),
(110, 82, 35, '2019-04-12 00:30:24'),
(111, 101, 54, '2019-04-14 22:32:00'),
(112, 102, 61, '2019-04-14 22:32:27'),
(113, 61, 60, '2019-04-14 22:33:12');

-- --------------------------------------------------------

--
-- Table structure for table `clo`
--

CREATE TABLE `clo` (
  `clo_id` int(10) NOT NULL,
  `clo_no` varchar(255) NOT NULL,
  `clo_text` varchar(255) NOT NULL,
  `target_plo` varchar(255) NOT NULL,
  `course_id` int(10) NOT NULL,
  `clo_level` varchar(191) NOT NULL
) ENGINE=InnoDB DEFAULT CHARSET=latin1;

--
-- Dumping data for table `clo`
--

INSERT INTO `clo` (`clo_id`, `clo_no`, `clo_text`, `target_plo`, `course_id`, `clo_level`) VALUES
(1, 'CLO 1', 'Produce static and responsive designs for web applications', '', 11, 'LOW'),
(2, 'CLO 2', 'Design and Implement dynamic web applications', '', 11, 'LOW'),
(3, 'CLO 3', 'Understand the security threats and solve them for secure web applications', '', 11, 'LOW'),
(4, 'CLO 4', 'Analyze an existing web application against the current web standards', '', 11, 'LOW'),
(5, 'CLO 1', 'Describe the costs and benefits of formal methods', '', 18, 'LOW'),
(6, 'CLO 2', 'Construct formal models of sequential software systems', '', 18, 'LOW'),
(7, 'CLO 3', 'Implement sequential software systems based on formal models', '', 18, 'LOW'),
(9, 'CLO 4', 'Demonstrate formal correctness of simple procedure', '', 18, 'LOW'),
(10, 'CLO 1', 'Upon successful completion of the course, the student will be able to:\r\nUnderstand basic problem solving steps and logic constructs\r\n', '', 2, 'LOW'),
(11, 'CLO 1', 'Understand the basic concepts of probability and Statistics, random variables, probability distribution, and joint probability distribution .', '', 15, 'LOW'),
(12, 'CLO 2', ': Use statistical methodology and tools in the engineering problem-solving process. Compute and interpret descriptive statistics using numerical and graphical techniques', '', 15, 'LOW'),
(13, 'CLO 3', 'Compute point estimation of parameters, explain sampling distributions, and understand the central limit theorems ', '', 15, 'LOW'),
(14, 'CLO 4', 'Be able to visually presents the mathematical function.', '', 15, 'LOW'),
(15, 'CLO 1', 'Identify and Explain fundamental concepts of digital logic design including basic and universal gates, number systems, binary coded systems, basic components of combinational and sequential circuits ', '', 7, 'LOW'),
(16, 'CLO 2', 'Demonstrate the acquired knowledge to apply techniques related to the design and analysis of digital electronic circuits including Boolean algebra and multi-variable Karnaugh map methods ', '', 7, 'LOW'),
(17, 'CLO 3', 'Analyze small-scale combinational and sequential digital', '', 7, 'LOW'),
(18, 'CLO 4', 'Design small-scale combinational and synchronous sequential digital circuit ', '', 7, 'LOW'),
(19, 'CLO 1', 'Write, compile and debug program in C language. Recognize and understand the syntax and construction of C code. Implementation of basic concepts, syntax, and control structure in programming. Implement logic of a given problem. Write programs that involve', '', 21, 'LOW'),
(20, 'CLO 2', 'Implement concepts that includes functions, arrays and dynamics of memory by use of pointers. Implement how to access and use library functions. Able to write some simple output on the screen as well as in the files.', '', 21, 'LOW'),
(21, 'CLO 1', 'Implement static and responsive designs for web application', '', 24, 'LOW'),
(22, 'CLO 2', 'Implement dynamic web applications', '', 24, 'LOW'),
(23, 'CLO 3', 'To achieve security of dynamic web applications through frameworks and CMS', '', 24, 'LOW'),
(24, 'CLO 2', 'Apply basic programming concepts', '', 2, 'LOW'),
(25, 'CLO 3', 'Design and implement algorithms to solve real world problems.', '', 2, 'LOW'),
(26, 'CLO 1', 'To understand management, organization structure, human behavior and effective utilization of human resource', '', 19, 'LOW'),
(27, 'CLO 2', 'The effective planning for recruitment, selection and placing of workforce and further to understand the importance of training and development of employee’s skills to maximize their career learning and provide leadership qualities ', '', 19, 'LOW'),
(28, 'CLO 1', 'Develop system invoking programs to understand process creation and process description in a multi-programming operating system', '', 25, 'LOW'),
(29, 'CLO 2', 'Develop, execute and analyze process scheduling algorithms', '', 25, 'LOW'),
(30, 'CLO 3', 'Develop, execute and analyze memory management algorithms.', '', 25, 'LOW'),
(31, 'CLO 4', 'Implement how processes interact in a multi programming environment using inter-process communication techniques.', '', 25, 'LOW'),
(32, 'CLO 1', 'Comprehend the characteristics of different structures of operating systems and explain its core functions.', '', 13, 'LOW'),
(33, 'CLO 2', 'Investigate concurrency problems in multi-processing/multi-thread operating systems and Evaluate different process co-coordinating solutions.  ', '', 13, 'LOW'),
(34, 'CLO 3', 'Analyze and evaluate the algorithms of the core functions of operating systems and explain the major performance issues with regard to the core functions. ', '', 13, 'LOW'),
(35, 'CLO 1', 'Explain principles of the project lifecycle and how to identify opportunities to work with learners on relevant and appropriate project scenarios to share this understanding.', '', 17, 'LOW'),
(36, 'CLO 2', 'Critically evaluate and discuss the issues around project management and its application in the real world with course participants and learners.', '', 17, 'LOW'),
(37, 'CLO 3', 'Choose project management techniques for IT projects to initiate, plan, execute and evaluate a project and work in teams to create a project plan for a project scenario that includes key tasks, critical path, dependencies and a realistic timeline.', '', 17, 'LOW'),
(38, 'CLO 4', 'Present strategies for gaining confidence in managing projects through simple project examples.', '', 17, 'LOW'),
(39, 'CLO 1', 'Recall procedural and/or OO Programming concepts to implement various data structures and associated algorithms', '', 6, 'LOW'),
(40, 'CLO 2', 'Understand and apply standard algorithms for data manipulation, searching and sorting. ', '', 6, 'LOW'),
(41, 'CLO 3', 'Analyze simple algorithms for complexity in terms of time and space parameters.', '', 6, 'LOW'),
(42, 'CLO 1', 'Acquire knowledge related to the tools and techniques for the design of digital logic circuits', '', 23, 'LOW'),
(43, 'CLO 2', 'Design and implement combinational circuits using a variety of techniques learned', '', 23, 'LOW'),
(44, 'CLO 3', 'Design and implement sequential circuits using a variety of techniques learned', '', 23, 'LOW'),
(45, 'CLO 1', 'Understand the ideas of rate of change and derivatives using the concept of limits and continuity.', '', 5, 'LOW'),
(46, 'CLO 2', 'Use the techniques of integration for solving and analyzing problems in integral calculus.', '', 5, 'LOW'),
(47, 'CLO 1', 'Understand the basic concepts of Computer and Number System and Understand the fundamentals of organization of the computer system and its hardware', '', 1, 'LOW'),
(48, 'CLO 2', 'Understand the fundamentals of Computer Software Architecture and Understand concepts of Basics of data communication.', '', 1, 'LOW'),
(49, 'CLO 3', 'Understand the use of Internet as information publishing and retrieving tool and Understand the concepts of IT and communication technologies', '', 1, 'LOW'),
(50, 'CLO 1', 'Demonstrate their competence with the ideas in linear algebra to work with linear systems and vector spaces.', '', 10, 'LOW'),
(51, 'CLO 1', 'Acquire fundamental concepts of computer components function regarding interaction with human and vice versa.', '', 16, 'MEDIUM'),
(52, 'CLO 2', 'Analyze interface problems to recognize what design approach  and interaction styles is required in the light of usability standards and guidelines.', '', 16, 'MEDIUM'),
(53, 'CLO 3', 'Utilize basic concepts to construct a user interaction strategy for a given problem, its usability evaluation and to meet desire need.', '', 16, 'MEDIUM'),
(54, 'CLO 1', 'To describe and apply the basic concepts of software engineering and workflow of software development process.', '', 8, 'MEDIUM'),
(55, 'CLO 2', 'To analyze and solve small-scale engineering problems.', '', 8, 'MEDIUM'),
(56, 'CLO 3', 'To design small software systems.', '', 8, 'MEDIUM'),
(57, 'CLO 4', 'Discuss key principles and common methods for software project management such as scheduling, size estimation, cost estimation and risk analysis.', '', 8, 'MEDIUM'),
(58, 'CLO 1', 'Understanding fundamental concepts and activities of Requirements Engineering, Information elicitation techniques, Modeling scenarios.', '', 12, 'MEDIUM'),
(59, 'CLO 2', 'Identifying objects from goals, Modeling Use Cases and state machines.', '', 12, 'MEDIUM'),
(60, 'CLO 3', 'Techniques and tools required for requirements evaluation, selection, prioritization, management, traceability.', '', 12, 'MEDIUM'),
(61, 'CLO 4', 'Document effective requirements in Software Requirements Specification (SRS) using clear, unambiguous requirements.', '', 12, 'MEDIUM'),
(62, 'CLO 1', 'Value basic concept of Islam (Faith, Pillars, Dawat, Preachig and Seerat)', '', 4, 'MEDIUM'),
(63, 'CLO 2', 'Understand the basic concepts of the Holy Quran and Hadith', '', 4, 'MEDIUM'),
(64, 'CLO 3', 'Present Islam as a complete code of life', '', 4, 'MEDIUM'),
(65, 'CLO 4', 'hgfduykhlij', '', 2, 'MEDIUM'),
(66, 'CLO 1', 'Describe the structure and function of display devices and understand ray tracing', '', 27, 'MEDIUM'),
(67, 'CLO 2', 'Compare key algorithms for modelling and rendering graphical data', '', 27, 'MEDIUM'),
(68, 'CLO 3', 'Develop design and problem solving skills with applications to computer graphics', '', 27, 'MEDIUM'),
(69, 'CLO 4', 'Construct interactive computer graphics programs using OpenGL', '', 27, 'MEDIUM'),
(70, 'CLO 1', 'Implement, execute and analyze algorithms to draw 2D objects.', '', 28, 'MEDIUM'),
(71, 'CLO 2', 'Implement, execute and analyze Polygon filling  algorithms for  a Raster Display Graphics ', '', 28, 'MEDIUM'),
(72, 'CLO 3', 'Implement, Execute and analyze algorithms for 2D and  3D transformation', '', 28, 'MEDIUM'),
(73, 'CLO 1', 'Demonstrate familiarity with major concepts, theoretical perspectives, empirical findings Understand and apply psychological principles to personal, social, and organizational issues.', '', 51, 'MEDIUM'),
(74, 'CLO 2', 'Show insight into one’s own and others’ behavior and mental processes and apply effective strategies for self-management and self-improvement.', '', 51, 'MEDIUM'),
(75, 'CLO 3', 'Demonstrate information competence and the ability to use computers and other technology for many purposes.', '', 51, 'MEDIUM'),
(76, 'CLO 1', 'Acquire knowledge of mutually coupled circuits and ideal transformer', '', 53, 'MEDIUM'),
(77, 'CLO 1', 'Abcsafkjdsalkjf', '', 62, 'MEDIUM'),
(78, 'CLO 1', 'Discuss the classification of signals and representation of signals using trigonometric Fourier series, Exponential Fourier series, Compact Fourier series and Fourier transforms respectively. ', '', 98, 'MEDIUM'),
(79, 'CLO 2', 'Illustrate different modulation schemes both in time domain and frequency domain. ', '', 98, 'MEDIUM'),
(80, 'CLO 3', 'To Explain and Illustrate the AM and FM Transmitter and Receiver.', '', 98, 'MEDIUM'),
(81, 'CLO 4', 'Describe different line coding schemes, Sampling Theorem, Intersymbol Interference (ISI), Matched filter and Equalizers.', '', 98, 'MEDIUM'),
(82, 'CLO 1', 'Describe the fundamental concepts of data communications', '', 68, 'MEDIUM'),
(83, 'CLO 2', 'Explain elements of a protocol, and the concept of seven layers of OSI Model', '', 68, 'MEDIUM'),
(84, 'CLO 3', 'Discuss signals, signal encoding methods, analog to digital and digital to analog conversion and multiplexing at physical layer ', '', 68, 'MEDIUM'),
(85, 'CLO 4', 'Understand and Demonstrate the data link layer services including error detection and correction, flow control and multiple access', '', 68, 'MEDIUM'),
(86, 'CLO 1', 'jh', '', 34, 'MEDIUM'),
(87, 'CLO 1', 'Identify and explain fundamental concepts of digital logic design including basic and universal gates, number systems, and binary coded systems, basic components of combinational and sequential circuits.', '', 60, 'MEDIUM'),
(88, 'CLO 2', 'Demonstrate the acquired knowledge to apply techniques related to the design and analysis of digital electronic circuits including Boolean algebra and multi-variable Karnaugh map methods. ', '', 60, 'MEDIUM'),
(89, 'CLO 3', 'Design small-scale combinational and sequential digital circuits. ', '', 60, 'MEDIUM'),
(90, 'CLO 1', 'Discuss the classification of signals and representation of signals using trigonometric Fourier series, Exponential Fourier series, Compact Fourier series and Fourier transforms respectively. ', '', 70, 'MEDIUM'),
(91, 'CLO 2', 'Illustrate different modulation schemes both in time domain and frequency domain. ', '', 70, 'MEDIUM'),
(92, 'CLO 3', 'To Explain and Illustrate the AM and FM Transmitter and Receiver.', '', 70, 'MEDIUM'),
(93, 'CLO 4', 'Describe different line coding schemes, Sampling Theorem, Inter symbol Interference (ISI), Matched filter and Equalizers.', '', 70, 'MEDIUM'),
(94, 'CLO 1', 'Acquire knowledge related to circuits containing dependent sources, mutual inductance and transformers', '', 93, 'MEDIUM'),
(95, 'CLO 2', 'Acquire knowledge related to two port networks ', '', 93, 'MEDIUM'),
(96, 'CLO 3', 'Analyze circuits in s-domain', '', 93, 'MEDIUM'),
(97, 'CLO 4', 'Analyze and Understand filters and their frequency response', '', 93, 'MEDIUM'),
(98, 'CLO 4', 'Analyze and Understand filters and their frequency response', '', 92, 'MEDIUM'),
(99, 'CLO 3', 'Analyze circuits in s-domain', '', 92, 'MEDIUM'),
(100, 'CLO 2', 'Acquire knowledge related to two port networks ', '', 92, 'MEDIUM'),
(101, 'CLO 1', 'Acquire knowledge related to circuits containing dependent sources, mutual inductance and transformers', '', 92, 'HIGH'),
(102, 'CLO 1', 'Define theory of probability and random signals, illustrate the use of CDFs, PDFs and PMFs of continuous as well as discrete nature', '', 83, 'HIGH'),
(103, 'CLO 2', 'Transform given information to PMFs, PDFs and CDFs and express probability of events from statistical data. Moreover, the students should be able to compare and correlate multiple random variables and evaluate if they are independent, orthogonal or correl', '', 83, 'HIGH'),
(104, 'CLO 3', 'Apply knowledge of probability to solve problems from the field of electronic, electrical and communications of applicable nature, falling in both discrete and continuous domain.  ', '', 83, 'HIGH'),
(105, 'CLO 1', 'Define theory of probability and random signals, illustrate the use of CDFs, PDFs and PMFs of continuous as well as discrete nature', '', 89, 'HIGH'),
(106, 'CLO 2', 'Transform given information to PMFs, PDFs and CDFs and express probability of events from statistical data. Moreover, the students should be able to compare and correlate multiple random variables and evaluate if they are independent, orthogonal or correl', '', 89, 'HIGH'),
(107, 'CLO 3', 'Apply knowledge of probability to solve problems from the field of electronic, electrical and communications of applicable nature, falling in both discrete and continuous domain.  ', '', 89, 'HIGH'),
(108, 'CLO 1', 'ACQUIRE the basic knowledge of Electric circuit, its components. Electrical Power System, process of Electrical power Generation, Transmission and Distribution.  ', '', 77, 'HIGH'),
(109, 'CLO 2', 'Explain Electrification System, how to get Electric supply both single and three phase from the Transformer, its protection.', '', 77, 'HIGH'),
(110, 'CLO 3', 'ACQUIRE the basic knowledge about Electric Shocks, types and its effects on the human body. First Aid procedures', '', 77, 'HIGH'),
(111, 'CLO 4', 'Solve simple electric wiring circuits for electrification of buildings, Selection of different components.', '', 77, 'HIGH'),
(112, 'CLO 1', 'DESCRIBE random variables and random processes in\r\nterms of their mean, variance, and correlation functions\r\nand characterize important random variables and\r\nprocesses.\r\n', '', 80, 'HIGH'),
(113, 'CLO 2', 'UNDERSTAND the basic source coding techniques. ', '', 80, 'HIGH'),
(114, 'CLO 3', 'IDENTIFY and ANALYSE methods of digital\r\nmodulation and COMPARE their performance using\r\nsignal-space analysis.', '', 80, 'HIGH'),
(115, 'CLO 4', 'EXPLAIN receiver techniques for detection of a signal\r\nin AWGN channels.', '', 80, 'HIGH'),
(116, 'CLO 1', 'Explain the basic and fundamental concepts about the architectures of microprocessors and microcontrollers including CPU, memory, I/O devices', '', 84, 'HIGH'),
(117, 'CLO 2', 'Discuss the instruction set (assembly and C language) of 8051 Microcontroller and solve related problems ', '', 84, 'HIGH'),
(118, 'CLO 3', 'Design/solve problems related to hardware architecture and programming of serial communication, interrupts, and timers/counters of 8051 Microcontroller', '', 84, 'HIGH'),
(119, 'CLO 1', 'Explain the basic and fundamental concepts about the architectures of microprocessors and microcontrollers including CPU, memory, I/O devices ', '', 90, 'HIGH'),
(120, 'CLO 2', 'Discuss the instruction set (assembly and C language) of 8051 Microcontroller and solve related problems ', '', 90, 'HIGH'),
(121, 'CLO 3', 'Design/solve problems related to hardware architecture and programming of serial communication, interrupts, and timers/counters of 8051 Microcontroller ', '', 90, 'HIGH'),
(122, 'CLO 1', 'Acquire the basic knowledge of C++ and to get the necessary proficiency in C++', '', 75, 'HIGH'),
(123, 'CLO 2', 'Apply the gained knowledge in C++ to analyze and solve problems in effective way', '', 75, 'HIGH'),
(124, 'CLO 3', 'Understand the difference between procedural and object oriented paradigms', '', 75, 'HIGH'),
(125, 'CLO 1', 'Explain the phenomenon and characteristics of electromagnetic wave propagation and the fundamental elements & performance metrics of antenna.', '', 111, 'HIGH'),
(126, 'CLO 2', 'Apply design principles to model various classes of antennas.', '', 111, 'HIGH'),
(127, 'CLO 3', 'Demonstrate the concepts of smart antennas and metamaterials and to identify their potential usage in diverse range of applications ', '', 111, 'HIGH'),
(128, 'CLO 1', 'Discuss concepts related to various technologies of power generation', '', 71, 'HIGH'),
(129, 'CLO 2', 'Carry Out calculations for major components of power plants like pumps, compressors, turbines, steam generators and condensers', '', 71, 'HIGH'),
(130, 'CLO 3', 'Analyze and compare various generation technologies with respect to their efficiency and their area of application', '', 71, 'HIGH'),
(131, 'CLO 1', 'Discuss the importance of Electrical Power Transmission and compare various transmission systems', '', 81, 'HIGH'),
(132, 'CLO 2', 'Describe the components of a transmission system with respect to the conditions of short, medium and long lines', '', 81, 'HIGH'),
(133, 'CLO 3', 'Explain Electrical and Mechanical Design of Transmission System', '', 81, 'HIGH'),
(134, 'CLO 1', 'Describe and explain the basic construction, operation and characteristics of semiconductor devices ', '', 86, 'HIGH'),
(135, 'CLO 2', 'Apply the acquired knowledge to solve small scale circuits consisting of semiconductor devices ', '', 86, 'HIGH'),
(136, 'CLO 3', 'Discuss signal transistor amplifier ', '', 86, 'HIGH'),
(138, 'CLO 1', 'RECOGNIZE various types of insulating materials and their applications in high-voltage equipment.', '', 82, 'HIGH'),
(139, 'CLO 2', 'Explain the breakdown mechanisms in solid, liquid and gaseous dielectrics.', '', 82, 'HIGH'),
(140, 'CLO 3', 'ANALYZE the performance of high-voltage generation and measurement devices.', '', 82, 'HIGH'),
(141, 'CLO 1', 'Expain the concepts of signals and systems and their different types which can be used in a wide variety of disciplines in engineering. ', '', 88, 'HIGH'),
(142, 'CLO 2', 'Describe system properties such as causality, stability, linearity, and time invariance etc. ', '', 88, 'HIGH'),
(143, 'CLO 3', 'Apply the convolution sum/convolution integral formulas to determine the output of continuous time/discrete time systems. ', '', 88, 'HIGH'),
(144, 'CLO 4', 'Analyze continuous and discrete time signals and systems in the time/frequency-domain using Fourier and Laplace Transforms. ', '', 88, 'HIGH'),
(145, 'CLO 1', 'Describe and explain the basic construction, operation and characteristics of semiconductor devices', '', 94, 'HIGH'),
(146, 'CLO 2', 'Apply the acquired knowledge to solve small scale circuits consisting of semiconductor devices ', '', 94, 'HIGH'),
(147, 'CLO 3', 'Discuss signal transistor amplifier', '', 94, 'HIGH'),
(148, 'CLO 1', 'Gain the ability to use modern presentation skills that enables them demonstrate their work in a professionally acceptable way. ', '', 14, 'HIGH'),
(149, 'CLO 3', 'Develop technical writing skills, enabling them to write reports, proposals, presentations, analytic reports and research papers with a professional approach.', '', 14, 'HIGH'),
(150, 'CLO 2', 'Understand the basics of Technical Writing enabling them to infer and interpret all sorts of technical documentation.', '', 14, 'HIGH'),
(151, 'CLO 1', 'Practice English Correctly in speaking and writing.', '', 3, 'HIGH'),
(152, 'CLO 2', 'Comply with complex English language text.', '', 3, 'HIGH'),
(153, 'CLO 3', 'exhibit sound vocabulary and skills to use English in professional life.', '', 3, 'HIGH'),
(154, 'CLO 4', 'Avoid common errors usually made by the learners of English as a second language. ', '', 3, 'HIGH'),
(155, 'CLO 1', 'Ideology of Pakistan ', '', 9, 'HIGH'),
(156, 'CLO 2', 'Pakistan Movement ', '', 9, 'HIGH'),
(157, 'CLO 3', 'Constitutional Development and current affairs ', '', 9, 'HIGH'),
(158, 'CLO 1', 'Explain the basic concepts related to Discrete Structures', '', 31, 'HIGH'),
(159, 'CLO 1', 'Acquire sufficient knowledge to mathematically Model the behavior of different physical systems.', '', 79, 'HIGH'),
(160, 'CLO 2', 'Analyze the behavior of system using mathematical techniques.', '', 79, 'HIGH'),
(161, 'CLO 3', 'Design controllers to meet the specified control design objectives such as faster transient response and smaller steady state errors while ensuring system stability.', '', 79, 'HIGH'),
(162, 'CLO 4', 'Use Modern Tools for system modeling, analysis, design validation and performance comparison of different types of controllers.', '', 79, 'HIGH'),
(163, 'CLO 1', 'Acquire sufficient knowledge to mathematically Model the behavior of different physical systems.', '', 99, 'HIGH'),
(164, 'CLO 2', 'Analyze the behavior of system using mathematical techniques.', '', 99, 'HIGH'),
(165, 'CLO 3', 'Design controllers to meet the specified control design objectives such as faster transient response and smaller steady state errors while ensuring system stability.', '', 99, 'HIGH'),
(166, 'CLO 4', 'Use Modern Tools for system modeling, analysis, design validation and performance comparison of different types of controllers.', '', 99, 'HIGH'),
(167, 'CLO 1', 'Explain with Examples the active circuit elements, passive circuit elements, their series and parallel combinations with time varying and DC excitation and various laws of Electrical Circuits.', '', 74, 'HIGH'),
(168, 'CLO 2', 'SOLVE, ANALYZE and EVALUATE the problems related to application of various laws of Electrical Circuits.', '', 74, 'HIGH'),
(169, 'CLO 3', 'Explain AC fundamentals, phasors, and different mathematical operations of phasors, series and parallel circuits with AC excitation. ', '', 74, 'HIGH'),
(170, 'CLO 4', 'SOLVE, ANALYZE and EVALUATE the problems related to application of phasor analysis and instantaneous expressions.', '', 74, ''),
(171, 'CLO 5', 'ACQUIRE the basic knowledge of series and Parallel Magnetic Circuits and Single Phase transformers.', '', 74, '');

-- --------------------------------------------------------

--
-- Table structure for table `clo_attainment`
--

CREATE TABLE `clo_attainment` (
  `attainment_id` int(10) NOT NULL,
  `course_id` int(10) NOT NULL,
  `clo_id` int(10) NOT NULL,
  `std_regno` varchar(255) NOT NULL,
  `attainment_status` varchar(10) NOT NULL,
  `obtained_score` int(11) NOT NULL
) ENGINE=InnoDB DEFAULT CHARSET=latin1;

--
-- Dumping data for table `clo_attainment`
--

INSERT INTO `clo_attainment` (`attainment_id`, `course_id`, `clo_id`, `std_regno`, `attainment_status`, `obtained_score`) VALUES
(2, 11, 1, '16MDSWE0605', 'YES', 20),
(3, 11, 1, '16MDSWE0606', 'YES', 20),
(4, 11, 1, '16MDSWE0607', 'YES', 20),
(5, 11, 1, '16MDSWE0608', 'NO', 20),
(6, 11, 1, '16MDSWE0609', 'YES', 20),
(7, 11, 1, '16MDSWE0610', 'YES', 20),
(8, 11, 1, '16MDSWE0611', 'YES', 20),
(9, 11, 1, '16MDSWE0612', 'YES', 20),
(10, 11, 1, '16MDSWE0614', 'YES', 20),
(11, 11, 1, '16MDSWE0615', 'YES', 20),
(12, 11, 1, '16MDSWE0616', 'NO', 20),
(13, 11, 1, '16MDSWE0617', 'YES', 20),
(14, 11, 1, '16MDSWE0618', 'NO', 20),
(15, 11, 1, '16MDSWE0619', 'YES', 20),
(16, 11, 1, '16MDSWE0620', 'YES', 20),
(17, 11, 1, '16MDSWE0621', 'YES', 20),
(18, 11, 1, '16MDSWE0622', 'YES', 20),
(19, 11, 1, '16MDSWE0623', 'YES', 20),
(20, 11, 1, '16MDSWE0624', 'YES', 20),
(21, 11, 1, '16MDSWE0626', 'YES', 20),
(22, 11, 1, '16MDSWE0627', 'YES', 20),
(23, 11, 1, '16MDSWE0628', 'NO', 20),
(24, 11, 1, '16MDSWE0629', 'YES', 20),
(25, 11, 1, '16MDSWE0630', 'YES', 20),
(26, 11, 1, '16MDSWE0631', 'YES', 20),
(27, 11, 1, '16MDSWE0632', 'YES', 20),
(28, 11, 1, '16MDSWE0633', 'YES', 20),
(29, 11, 1, '16MDSWE0634', 'YES', 20),
(30, 11, 1, '16MDSWE0635', 'YES', 20),
(31, 11, 1, '16MDSWE0636', 'NO', 20),
(32, 11, 1, '16MDSWE0638', 'YES', 20),
(33, 11, 1, '16MDSWE0639', 'YES', 20),
(34, 11, 1, '16MDSWE0640', 'YES', 20),
(35, 11, 1, '16MDSWE0641', 'YES', 20),
(36, 11, 1, '16MDSWE0642', 'YES', 20),
(37, 11, 1, '16MDSWE0643', 'YES', 20),
(38, 11, 1, '16MDSWE0644', 'YES', 20),
(39, 11, 1, '16MDSWE0645', 'YES', 20),
(40, 11, 1, '16MDSWE0646', 'YES', 20),
(41, 11, 1, '16MDSWE0647', 'NO', 20),
(42, 11, 1, '16MDSWE0648', 'YES', 20),
(43, 11, 1, '16MDSWE0649', 'YES', 20),
(44, 11, 1, '16MDSWE0650', 'YES', 20),
(45, 11, 1, '16MDSWE0651', 'NO', 20),
(46, 11, 1, '16MDSWE0652', 'YES', 20),
(47, 11, 1, '16MDSWE0653', 'NO', 20),
(48, 11, 1, '16MDSWE0654', 'YES', 20),
(49, 11, 1, '16MDSWE0655', 'YES', 20),
(50, 11, 1, '16MDSWE0656', 'YES', 20),
(51, 11, 1, '16MDSWE0657', 'YES', 20),
(52, 11, 1, '16MDSWE0658', 'YES', 20),
(53, 11, 1, '16MDSWE0659', 'YES', 20),
(54, 11, 1, '16MDSWE0660', 'YES', 20),
(55, 11, 1, '16MDSWE0662', 'YES', 20),
(56, 11, 1, '16MDSWE0663', 'YES', 20),
(57, 11, 1, '16MDSWE0664', 'YES', 20),
(58, 11, 2, '16MDSWE0605', 'YES', 20),
(59, 11, 2, '16MDSWE0606', 'YES', 20),
(60, 11, 2, '16MDSWE0607', 'YES', 20),
(61, 11, 2, '16MDSWE0608', 'YES', 20),
(62, 11, 2, '16MDSWE0609', 'YES', 20),
(63, 11, 2, '16MDSWE0610', 'YES', 20),
(64, 11, 2, '16MDSWE0611', 'YES', 20),
(65, 11, 2, '16MDSWE0612', 'NO', 20),
(66, 11, 2, '16MDSWE0614', 'YES', 20),
(67, 11, 2, '16MDSWE0615', 'YES', 20),
(68, 11, 2, '16MDSWE0616', 'YES', 20),
(69, 11, 2, '16MDSWE0617', 'YES', 20),
(70, 11, 2, '16MDSWE0618', 'NO', 20),
(71, 11, 2, '16MDSWE0619', 'YES', 20),
(72, 11, 2, '16MDSWE0620', 'YES', 20),
(73, 11, 2, '16MDSWE0621', 'YES', 20),
(74, 11, 2, '16MDSWE0622', 'YES', 20),
(75, 11, 2, '16MDSWE0623', 'YES', 20),
(76, 11, 2, '16MDSWE0624', 'YES', 20),
(77, 11, 2, '16MDSWE0626', 'YES', 20),
(78, 11, 2, '16MDSWE0627', 'YES', 20),
(79, 11, 2, '16MDSWE0628', 'YES', 20),
(80, 11, 2, '16MDSWE0629', 'YES', 20),
(81, 11, 2, '16MDSWE0630', 'YES', 20),
(82, 11, 2, '16MDSWE0631', 'YES', 20),
(83, 11, 2, '16MDSWE0632', 'YES', 20),
(84, 11, 2, '16MDSWE0633', 'YES', 20),
(85, 11, 2, '16MDSWE0634', 'YES', 20),
(86, 11, 2, '16MDSWE0635', 'YES', 20),
(87, 11, 2, '16MDSWE0636', 'YES', 20),
(88, 11, 2, '16MDSWE0638', 'YES', 20),
(89, 11, 2, '16MDSWE0639', 'NO', 20),
(90, 11, 2, '16MDSWE0640', 'YES', 20),
(91, 11, 2, '16MDSWE0641', 'NO', 20),
(92, 11, 2, '16MDSWE0642', 'YES', 20),
(93, 11, 2, '16MDSWE0643', 'YES', 20),
(94, 11, 2, '16MDSWE0644', 'NO', 20),
(95, 11, 2, '16MDSWE0645', 'YES', 20),
(96, 11, 2, '16MDSWE0646', 'NO', 20),
(97, 11, 2, '16MDSWE0647', 'NO', 20),
(98, 11, 2, '16MDSWE0648', 'YES', 20),
(99, 11, 2, '16MDSWE0649', 'YES', 20),
(100, 11, 2, '16MDSWE0650', 'YES', 20),
(101, 11, 2, '16MDSWE0651', 'NO', 20),
(102, 11, 2, '16MDSWE0652', 'YES', 20),
(103, 11, 2, '16MDSWE0653', 'YES', 20),
(104, 11, 2, '16MDSWE0654', 'YES', 20),
(105, 11, 2, '16MDSWE0655', 'YES', 20),
(106, 11, 2, '16MDSWE0656', 'YES', 20),
(107, 11, 2, '16MDSWE0657', 'YES', 20),
(108, 11, 2, '16MDSWE0658', 'YES', 20),
(109, 11, 2, '16MDSWE0659', 'YES', 20),
(110, 11, 2, '16MDSWE0660', 'YES', 20),
(111, 11, 2, '16MDSWE0662', 'YES', 20),
(112, 11, 2, '16MDSWE0663', 'YES', 20),
(113, 11, 2, '16MDSWE0664', 'YES', 20),
(114, 11, 3, '16MDSWE0605', 'YES', 20),
(115, 11, 3, '16MDSWE0606', 'YES', 20),
(116, 11, 3, '16MDSWE0607', 'YES', 20),
(117, 11, 3, '16MDSWE0608', 'YES', 20),
(118, 11, 3, '16MDSWE0609', 'YES', 20),
(119, 11, 3, '16MDSWE0610', 'YES', 20),
(120, 11, 3, '16MDSWE0611', 'YES', 20),
(121, 11, 3, '16MDSWE0612', 'YES', 20),
(122, 11, 3, '16MDSWE0614', 'YES', 20),
(123, 11, 3, '16MDSWE0615', 'YES', 20),
(124, 11, 3, '16MDSWE0616', 'YES', 20),
(125, 11, 3, '16MDSWE0617', 'YES', 20),
(126, 11, 3, '16MDSWE0618', 'NO', 20),
(127, 11, 3, '16MDSWE0619', 'YES', 20),
(128, 11, 3, '16MDSWE0620', 'NO', 20),
(129, 11, 3, '16MDSWE0621', 'YES', 20),
(130, 11, 3, '16MDSWE0622', 'YES', 20),
(131, 11, 3, '16MDSWE0623', 'YES', 20),
(132, 11, 3, '16MDSWE0624', 'YES', 20),
(133, 11, 3, '16MDSWE0626', 'YES', 20),
(134, 11, 3, '16MDSWE0627', 'YES', 20),
(135, 11, 3, '16MDSWE0628', 'NO', 20),
(136, 11, 3, '16MDSWE0629', 'YES', 20),
(137, 11, 3, '16MDSWE0630', 'YES', 20),
(138, 11, 3, '16MDSWE0631', 'YES', 20),
(139, 11, 3, '16MDSWE0632', 'YES', 20),
(140, 11, 3, '16MDSWE0633', 'YES', 20),
(141, 11, 3, '16MDSWE0634', 'YES', 20),
(142, 11, 3, '16MDSWE0635', 'YES', 20),
(143, 11, 3, '16MDSWE0636', 'YES', 20),
(144, 11, 3, '16MDSWE0638', 'YES', 20),
(145, 11, 3, '16MDSWE0639', 'YES', 20),
(146, 11, 3, '16MDSWE0640', 'NO', 20),
(147, 11, 3, '16MDSWE0641', 'NO', 20),
(148, 11, 3, '16MDSWE0642', 'YES', 20),
(149, 11, 3, '16MDSWE0643', 'YES', 20),
(150, 11, 3, '16MDSWE0644', 'NO', 20),
(151, 11, 3, '16MDSWE0645', 'NO', 20),
(152, 11, 3, '16MDSWE0646', 'NO', 20),
(153, 11, 3, '16MDSWE0647', 'NO', 20),
(154, 11, 3, '16MDSWE0648', 'YES', 20),
(155, 11, 3, '16MDSWE0649', 'YES', 20),
(156, 11, 3, '16MDSWE0650', 'YES', 20),
(157, 11, 3, '16MDSWE0651', 'YES', 20),
(158, 11, 3, '16MDSWE0652', 'YES', 20),
(159, 11, 3, '16MDSWE0653', 'YES', 20),
(160, 11, 3, '16MDSWE0654', 'YES', 20),
(161, 11, 3, '16MDSWE0655', 'YES', 20),
(162, 11, 3, '16MDSWE0656', 'YES', 20),
(163, 11, 3, '16MDSWE0657', 'YES', 20),
(164, 11, 3, '16MDSWE0658', 'YES', 20),
(165, 11, 3, '16MDSWE0659', 'YES', 20),
(166, 11, 3, '16MDSWE0660', 'YES', 20),
(167, 11, 3, '16MDSWE0662', 'YES', 20),
(168, 11, 3, '16MDSWE0663', 'YES', 20),
(169, 11, 3, '16MDSWE0664', 'YES', 20),
(170, 11, 4, '16MDSWE0605', 'YES', 20),
(171, 11, 4, '16MDSWE0606', 'YES', 20),
(172, 11, 4, '16MDSWE0607', 'YES', 20),
(173, 11, 4, '16MDSWE0608', 'YES', 20),
(174, 11, 4, '16MDSWE0609', 'YES', 20),
(175, 11, 4, '16MDSWE0610', 'YES', 20),
(176, 11, 4, '16MDSWE0611', 'YES', 20),
(177, 11, 4, '16MDSWE0612', 'YES', 20),
(178, 11, 4, '16MDSWE0614', 'YES', 20),
(179, 11, 4, '16MDSWE0615', 'YES', 20),
(180, 11, 4, '16MDSWE0616', 'YES', 20),
(181, 11, 4, '16MDSWE0617', 'YES', 20),
(182, 11, 4, '16MDSWE0618', 'NO', 20),
(183, 11, 4, '16MDSWE0619', 'YES', 20),
(184, 11, 4, '16MDSWE0620', 'YES', 20),
(185, 11, 4, '16MDSWE0621', 'YES', 20),
(186, 11, 4, '16MDSWE0622', 'YES', 20),
(187, 11, 4, '16MDSWE0623', 'YES', 20),
(188, 11, 4, '16MDSWE0624', 'YES', 20),
(189, 11, 4, '16MDSWE0626', 'YES', 20),
(190, 11, 4, '16MDSWE0627', 'YES', 20),
(191, 11, 4, '16MDSWE0628', 'YES', 20),
(192, 11, 4, '16MDSWE0629', 'YES', 20),
(193, 11, 4, '16MDSWE0630', 'YES', 20),
(194, 11, 4, '16MDSWE0631', 'YES', 20),
(195, 11, 4, '16MDSWE0632', 'YES', 20),
(196, 11, 4, '16MDSWE0633', 'YES', 20),
(197, 11, 4, '16MDSWE0634', 'YES', 20),
(198, 11, 4, '16MDSWE0635', 'YES', 20),
(199, 11, 4, '16MDSWE0636', 'YES', 20),
(200, 11, 4, '16MDSWE0638', 'YES', 20),
(201, 11, 4, '16MDSWE0639', 'YES', 20),
(202, 11, 4, '16MDSWE0640', 'YES', 20),
(203, 11, 4, '16MDSWE0641', 'YES', 20),
(204, 11, 4, '16MDSWE0642', 'YES', 20),
(205, 11, 4, '16MDSWE0643', 'YES', 20),
(206, 11, 4, '16MDSWE0644', 'NO', 20),
(207, 11, 4, '16MDSWE0645', 'YES', 20),
(208, 11, 4, '16MDSWE0646', 'YES', 20),
(209, 11, 4, '16MDSWE0647', 'NO', 20),
(210, 11, 4, '16MDSWE0648', 'YES', 20),
(211, 11, 4, '16MDSWE0649', 'YES', 20),
(212, 11, 4, '16MDSWE0650', 'YES', 20),
(213, 11, 4, '16MDSWE0651', 'YES', 20),
(214, 11, 4, '16MDSWE0652', 'YES', 20),
(215, 11, 4, '16MDSWE0653', 'YES', 20),
(216, 11, 4, '16MDSWE0654', 'YES', 20),
(217, 11, 4, '16MDSWE0655', 'YES', 20),
(218, 11, 4, '16MDSWE0656', 'YES', 20),
(219, 11, 4, '16MDSWE0657', 'YES', 20),
(220, 11, 4, '16MDSWE0658', 'YES', 20),
(221, 11, 4, '16MDSWE0659', 'YES', 20),
(222, 11, 4, '16MDSWE0660', 'YES', 20),
(223, 11, 4, '16MDSWE0662', 'YES', 20),
(224, 11, 4, '16MDSWE0663', 'YES', 20),
(225, 11, 4, '16MDSWE0664', 'YES', 20),
(226, 18, 5, '15MDSWE0549', 'YES', 20),
(227, 18, 5, '15MDSWE0550', 'YES', 20),
(228, 18, 5, '15MDSWE0551', 'YES', 20),
(229, 18, 5, '15MDSWE0552', 'YES', 20),
(230, 18, 5, '15MDSWE0553', 'YES', 20),
(231, 18, 5, '15MDSWE0554', 'YES', 20),
(232, 18, 5, '15MDSWE0555', 'YES', 20),
(233, 18, 5, '15MDSWE0556', 'YES', 20),
(234, 18, 5, '15MDSWE0557', 'YES', 20),
(235, 18, 5, '15MDSWE0558', 'YES', 20),
(236, 18, 5, '15MDSWE0559', 'YES', 20),
(237, 18, 5, '15MDSWE0560', 'YES', 20),
(238, 18, 5, '15MDSWE0561', 'YES', 20),
(239, 18, 5, '15MDSWE0562', 'YES', 20),
(240, 18, 5, '15MDSWE0563', 'YES', 20),
(241, 18, 5, '15MDSWE0564', 'YES', 20),
(242, 18, 5, '15MDSWE0565', 'YES', 20),
(243, 18, 5, '15MDSWE0566', 'YES', 20),
(244, 18, 5, '15MDSWE0567', 'YES', 20),
(245, 18, 5, '15MDSWE0568', 'YES', 20),
(246, 18, 5, '15MDSWE0569', 'YES', 20),
(247, 18, 5, '15MDSWE0570', 'YES', 20),
(248, 18, 5, '15MDSWE0571', 'YES', 20),
(249, 18, 5, '15MDSWE0572', 'YES', 20),
(250, 18, 5, '15MDSWE0573', 'YES', 20),
(251, 18, 5, '15MDSWE0574', 'YES', 20),
(252, 18, 5, '15MDSWE0575', 'YES', 20),
(253, 18, 5, '15MDSWE0576', 'YES', 20),
(254, 18, 5, '15MDSWE0577', 'YES', 20),
(255, 18, 5, '15MDSWE0578', 'YES', 20),
(256, 18, 5, '15MDSWE0579', 'YES', 20),
(257, 18, 5, '15MDSWE0580', 'YES', 20),
(258, 18, 5, '15MDSWE0581', 'YES', 20),
(259, 18, 5, '15MDSWE0582', 'YES', 20),
(260, 18, 5, '15MDSWE0583', 'YES', 20),
(261, 18, 5, '15MDSWE0584', 'YES', 20),
(262, 18, 5, '15MDSWE0586', 'YES', 20),
(263, 18, 5, '15MDSWE0587', 'YES', 20),
(264, 18, 5, '15MDSWE0588', 'YES', 20),
(265, 18, 5, '15MDSWE0589', 'YES', 20),
(266, 18, 5, '15MDSWE0590', 'YES', 20),
(267, 18, 5, '15MDSWE0591', 'YES', 20),
(268, 18, 5, '15MDSWE0592', 'YES', 20),
(269, 18, 5, '15MDSWE0593', 'YES', 20),
(270, 18, 5, '15MDSWE0594', 'YES', 20),
(271, 18, 5, '15MDSWE0595', 'YES', 20),
(272, 18, 5, '15MDSWE0596', 'YES', 20),
(273, 18, 5, '15MDSWE0597', 'YES', 20),
(274, 18, 5, '15MDSWE0598', 'YES', 20),
(275, 18, 5, '15MDSWE0599', 'YES', 20),
(276, 18, 5, '15MDSWE0600', 'YES', 20),
(277, 18, 5, '15MDSWE0601', 'YES', 20),
(278, 18, 5, '15MDSWE0603', 'NO', 20),
(279, 18, 5, '15MDSWE0604', 'YES', 20),
(280, 18, 6, '15MDSWE0549', 'YES', 20),
(281, 18, 6, '15MDSWE0550', 'YES', 20),
(282, 18, 6, '15MDSWE0551', 'YES', 20),
(283, 18, 6, '15MDSWE0552', 'YES', 20),
(284, 18, 6, '15MDSWE0553', 'YES', 20),
(285, 18, 6, '15MDSWE0554', 'YES', 20),
(286, 18, 6, '15MDSWE0555', 'YES', 20),
(287, 18, 6, '15MDSWE0556', 'YES', 20),
(288, 18, 6, '15MDSWE0557', 'YES', 20),
(289, 18, 6, '15MDSWE0558', 'YES', 20),
(290, 18, 6, '15MDSWE0559', 'NO', 20),
(291, 18, 6, '15MDSWE0560', 'YES', 20),
(292, 18, 6, '15MDSWE0561', 'NO', 20),
(293, 18, 6, '15MDSWE0562', 'YES', 20),
(294, 18, 6, '15MDSWE0563', 'NO', 20),
(295, 18, 6, '15MDSWE0564', 'YES', 20),
(296, 18, 6, '15MDSWE0565', 'YES', 20),
(297, 18, 6, '15MDSWE0566', 'YES', 20),
(298, 18, 6, '15MDSWE0567', 'YES', 20),
(299, 18, 6, '15MDSWE0568', 'YES', 20),
(300, 18, 6, '15MDSWE0569', 'YES', 20),
(301, 18, 6, '15MDSWE0570', 'YES', 20),
(302, 18, 6, '15MDSWE0571', 'NO', 20),
(303, 18, 6, '15MDSWE0572', 'YES', 20),
(304, 18, 6, '15MDSWE0573', 'YES', 20),
(305, 18, 6, '15MDSWE0574', 'YES', 20),
(306, 18, 6, '15MDSWE0575', 'YES', 20),
(307, 18, 6, '15MDSWE0576', 'YES', 20),
(308, 18, 6, '15MDSWE0577', 'YES', 20),
(309, 18, 6, '15MDSWE0578', 'YES', 20),
(310, 18, 6, '15MDSWE0579', 'YES', 20),
(311, 18, 6, '15MDSWE0580', 'YES', 20),
(312, 18, 6, '15MDSWE0581', 'YES', 20),
(313, 18, 6, '15MDSWE0582', 'YES', 20),
(314, 18, 6, '15MDSWE0583', 'YES', 20),
(315, 18, 6, '15MDSWE0584', 'YES', 20),
(316, 18, 6, '15MDSWE0586', 'YES', 20),
(317, 18, 6, '15MDSWE0587', 'NO', 20),
(318, 18, 6, '15MDSWE0588', 'YES', 20),
(319, 18, 6, '15MDSWE0589', 'YES', 20),
(320, 18, 6, '15MDSWE0590', 'YES', 20),
(321, 18, 6, '15MDSWE0591', 'NO', 20),
(322, 18, 6, '15MDSWE0592', 'YES', 20),
(323, 18, 6, '15MDSWE0593', 'YES', 20),
(324, 18, 6, '15MDSWE0594', 'YES', 20),
(325, 18, 6, '15MDSWE0595', 'NO', 20),
(326, 18, 6, '15MDSWE0596', 'YES', 20),
(327, 18, 6, '15MDSWE0597', 'YES', 20),
(328, 18, 6, '15MDSWE0598', 'NO', 20),
(329, 18, 6, '15MDSWE0599', 'NO', 20),
(330, 18, 6, '15MDSWE0600', 'YES', 20),
(331, 18, 6, '15MDSWE0601', 'YES', 20),
(332, 18, 6, '15MDSWE0603', 'YES', 20),
(333, 18, 6, '15MDSWE0604', 'YES', 20),
(334, 18, 7, '15MDSWE0549', 'YES', 20),
(335, 18, 7, '15MDSWE0550', 'YES', 20),
(336, 18, 7, '15MDSWE0551', 'YES', 20),
(337, 18, 7, '15MDSWE0552', 'YES', 20),
(338, 18, 7, '15MDSWE0553', 'YES', 20),
(339, 18, 7, '15MDSWE0554', 'YES', 20),
(340, 18, 7, '15MDSWE0555', 'YES', 20),
(341, 18, 7, '15MDSWE0556', 'YES', 20),
(342, 18, 7, '15MDSWE0557', 'YES', 20),
(343, 18, 7, '15MDSWE0558', 'YES', 20),
(344, 18, 7, '15MDSWE0559', 'YES', 20),
(345, 18, 7, '15MDSWE0560', 'YES', 20),
(346, 18, 7, '15MDSWE0561', 'YES', 20),
(347, 18, 7, '15MDSWE0562', 'YES', 20),
(348, 18, 7, '15MDSWE0563', 'NO', 20),
(349, 18, 7, '15MDSWE0564', 'YES', 20),
(350, 18, 7, '15MDSWE0565', 'YES', 20),
(351, 18, 7, '15MDSWE0566', 'YES', 20),
(352, 18, 7, '15MDSWE0567', 'YES', 20),
(353, 18, 7, '15MDSWE0568', 'YES', 20),
(354, 18, 7, '15MDSWE0569', 'YES', 20),
(355, 18, 7, '15MDSWE0570', 'YES', 20),
(356, 18, 7, '15MDSWE0571', 'YES', 20),
(357, 18, 7, '15MDSWE0572', 'YES', 20),
(358, 18, 7, '15MDSWE0573', 'YES', 20),
(359, 18, 7, '15MDSWE0574', 'YES', 20),
(360, 18, 7, '15MDSWE0575', 'YES', 20),
(361, 18, 7, '15MDSWE0576', 'YES', 20),
(362, 18, 7, '15MDSWE0577', 'YES', 20),
(363, 18, 7, '15MDSWE0578', 'YES', 20),
(364, 18, 7, '15MDSWE0579', 'YES', 20),
(365, 18, 7, '15MDSWE0580', 'YES', 20),
(366, 18, 7, '15MDSWE0581', 'YES', 20),
(367, 18, 7, '15MDSWE0582', 'YES', 20),
(368, 18, 7, '15MDSWE0583', 'YES', 20),
(369, 18, 7, '15MDSWE0584', 'YES', 20),
(370, 18, 7, '15MDSWE0586', 'YES', 20),
(371, 18, 7, '15MDSWE0587', 'YES', 20),
(372, 18, 7, '15MDSWE0588', 'YES', 20),
(373, 18, 7, '15MDSWE0589', 'YES', 20),
(374, 18, 7, '15MDSWE0590', 'YES', 20),
(375, 18, 7, '15MDSWE0591', 'YES', 20),
(376, 18, 7, '15MDSWE0592', 'YES', 20),
(377, 18, 7, '15MDSWE0593', 'YES', 20),
(378, 18, 7, '15MDSWE0594', 'YES', 20),
(379, 18, 7, '15MDSWE0595', 'YES', 20),
(380, 18, 7, '15MDSWE0596', 'YES', 20),
(381, 18, 7, '15MDSWE0597', 'YES', 20),
(382, 18, 7, '15MDSWE0598', 'YES', 20),
(383, 18, 7, '15MDSWE0599', 'NO', 20),
(384, 18, 7, '15MDSWE0600', 'YES', 20),
(385, 18, 7, '15MDSWE0601', 'YES', 20),
(386, 18, 7, '15MDSWE0603', 'YES', 20),
(387, 18, 7, '15MDSWE0604', 'YES', 20),
(388, 18, 9, '15MDSWE0549', 'YES', 20),
(389, 18, 9, '15MDSWE0550', 'YES', 20),
(390, 18, 9, '15MDSWE0551', 'YES', 20),
(391, 18, 9, '15MDSWE0552', 'YES', 20),
(392, 18, 9, '15MDSWE0553', 'NO', 20),
(393, 18, 9, '15MDSWE0554', 'YES', 20),
(394, 18, 9, '15MDSWE0555', 'YES', 20),
(395, 18, 9, '15MDSWE0556', 'YES', 20),
(396, 18, 9, '15MDSWE0557', 'YES', 20),
(397, 18, 9, '15MDSWE0558', 'YES', 20),
(398, 18, 9, '15MDSWE0559', 'YES', 20),
(399, 18, 9, '15MDSWE0560', 'YES', 20),
(400, 18, 9, '15MDSWE0561', 'YES', 20),
(401, 18, 9, '15MDSWE0562', 'YES', 20),
(402, 18, 9, '15MDSWE0563', 'NO', 20),
(403, 18, 9, '15MDSWE0564', 'YES', 20),
(404, 18, 9, '15MDSWE0565', 'YES', 20),
(405, 18, 9, '15MDSWE0566', 'YES', 20),
(406, 18, 9, '15MDSWE0567', 'YES', 20),
(407, 18, 9, '15MDSWE0568', 'YES', 20),
(408, 18, 9, '15MDSWE0569', 'YES', 20),
(409, 18, 9, '15MDSWE0570', 'YES', 20),
(410, 18, 9, '15MDSWE0571', 'YES', 20),
(411, 18, 9, '15MDSWE0572', 'YES', 20),
(412, 18, 9, '15MDSWE0573', 'YES', 20),
(413, 18, 9, '15MDSWE0574', 'YES', 20),
(414, 18, 9, '15MDSWE0575', 'YES', 20),
(415, 18, 9, '15MDSWE0576', 'YES', 20),
(416, 18, 9, '15MDSWE0577', 'YES', 20),
(417, 18, 9, '15MDSWE0578', 'YES', 20),
(418, 18, 9, '15MDSWE0579', 'YES', 20),
(419, 18, 9, '15MDSWE0580', 'YES', 20),
(420, 18, 9, '15MDSWE0581', 'YES', 20),
(421, 18, 9, '15MDSWE0582', 'YES', 20),
(422, 18, 9, '15MDSWE0583', 'YES', 20),
(423, 18, 9, '15MDSWE0584', 'YES', 20),
(424, 18, 9, '15MDSWE0586', 'YES', 20),
(425, 18, 9, '15MDSWE0587', 'YES', 20),
(426, 18, 9, '15MDSWE0588', 'NO', 20),
(427, 18, 9, '15MDSWE0589', 'YES', 20),
(428, 18, 9, '15MDSWE0590', 'YES', 20),
(429, 18, 9, '15MDSWE0591', 'YES', 20),
(430, 18, 9, '15MDSWE0592', 'YES', 20),
(431, 18, 9, '15MDSWE0593', 'YES', 20),
(432, 18, 9, '15MDSWE0594', 'YES', 20),
(433, 18, 9, '15MDSWE0595', 'YES', 20),
(434, 18, 9, '15MDSWE0596', 'NO', 20),
(435, 18, 9, '15MDSWE0597', 'YES', 20),
(436, 18, 9, '15MDSWE0598', 'YES', 20),
(437, 18, 9, '15MDSWE0599', 'NO', 20),
(438, 18, 9, '15MDSWE0600', 'YES', 20),
(439, 18, 9, '15MDSWE0601', 'YES', 20),
(440, 18, 9, '15MDSWE0603', 'YES', 20),
(441, 18, 9, '15MDSWE0604', 'YES', 20),
(442, 7, 15, '17MDSWE0665', 'NO', 20),
(443, 7, 15, '17MDSWE0666', 'NO', 20),
(444, 7, 15, '17MDSWE0667', 'NO', 20),
(445, 7, 15, '17MDSWE0668', 'NO', 20),
(446, 7, 15, '17MDSWE0669', 'NO', 20),
(447, 7, 15, '17MDSWE0671', 'NO', 20),
(448, 7, 15, '17MDSWE0672', 'NO', 20),
(449, 7, 15, '17MDSWE0673', 'NO', 20),
(450, 7, 15, '17MDSWE0674', 'NO', 20),
(451, 7, 15, '17MDSWE0675', 'NO', 20),
(452, 7, 15, '17MDSWE0676', 'NO', 20),
(453, 7, 15, '17MDSWE0677', 'NO', 20),
(454, 7, 15, '17MDSWE0678', 'NO', 20),
(455, 7, 15, '17MDSWE0679', 'NO', 20),
(456, 7, 15, '17MDSWE0680', 'NO', 20),
(457, 7, 15, '17MDSWE0681', 'NO', 20),
(458, 7, 15, '17MDSWE0682', 'NO', 20),
(459, 7, 15, '17MDSWE0683', 'NO', 20),
(460, 7, 15, '17MDSWE0684', 'NO', 20),
(461, 7, 15, '17MDSWE0685', 'NO', 20),
(462, 7, 15, '17MDSWE0686', 'NO', 20),
(463, 7, 15, '17MDSWE0687', 'NO', 20),
(464, 7, 15, '17MDSWE0688', 'NO', 20),
(465, 7, 15, '17MDSWE0689', 'NO', 20),
(466, 7, 15, '17MDSWE0690', 'NO', 20),
(467, 7, 15, '17MDSWE0691', 'NO', 20),
(468, 7, 15, '17MDSWE0692', 'NO', 20),
(469, 7, 15, '17MDSWE0693', 'NO', 20),
(470, 7, 15, '17MDSWE0694', 'NO', 20),
(471, 7, 15, '17MDSWE0696', 'NO', 20),
(472, 7, 15, '17MDSWE0697', 'NO', 20),
(473, 7, 15, '17MDSWE0698', 'NO', 20),
(474, 7, 15, '17MDSWE0699', 'NO', 20),
(475, 7, 15, '17MDSWE0700', 'NO', 20),
(476, 7, 15, '17MDSWE0701', 'NO', 20),
(477, 7, 15, '17MDSWE0702', 'NO', 20),
(478, 7, 15, '17MDSWE0703', 'NO', 20),
(479, 7, 15, '17MDSWE0704', 'NO', 20),
(480, 7, 15, '17MDSWE0705', 'NO', 20),
(481, 7, 15, '17MDSWE0706', 'NO', 20),
(482, 7, 15, '17MDSWE0707', 'NO', 20),
(483, 7, 15, '17MDSWE0708', 'NO', 20),
(484, 7, 15, '17MDSWE0709', 'NO', 20),
(485, 7, 15, '17MDSWE0710', 'NO', 20),
(486, 7, 15, '17MDSWE0711', 'NO', 20),
(487, 7, 15, '17MDSWE0712', 'NO', 20),
(488, 7, 15, '17MDSWE0713', 'NO', 20),
(489, 7, 15, '15MDSWE0556', 'NO', 20),
(490, 7, 15, '15MDSWE0563', 'NO', 20),
(491, 7, 15, '15MDSWE0577', 'NO', 20),
(492, 7, 16, '17MDSWE0665', 'NO', 20),
(493, 7, 16, '17MDSWE0666', 'NO', 20),
(494, 7, 16, '17MDSWE0667', 'NO', 20),
(495, 7, 16, '17MDSWE0668', 'NO', 20),
(496, 7, 16, '17MDSWE0669', 'NO', 20),
(497, 7, 16, '17MDSWE0671', 'NO', 20),
(498, 7, 16, '17MDSWE0672', 'NO', 20),
(499, 7, 16, '17MDSWE0673', 'NO', 20),
(500, 7, 16, '17MDSWE0674', 'NO', 20),
(501, 7, 16, '17MDSWE0675', 'NO', 20),
(502, 7, 16, '17MDSWE0676', 'NO', 20),
(503, 7, 16, '17MDSWE0677', 'NO', 20),
(504, 7, 16, '17MDSWE0678', 'NO', 20),
(505, 7, 16, '17MDSWE0679', 'NO', 20),
(506, 7, 16, '17MDSWE0680', 'NO', 20),
(507, 7, 16, '17MDSWE0681', 'NO', 20),
(508, 7, 16, '17MDSWE0682', 'NO', 20),
(509, 7, 16, '17MDSWE0683', 'NO', 20),
(510, 7, 16, '17MDSWE0684', 'NO', 20),
(511, 7, 16, '17MDSWE0685', 'NO', 20),
(512, 7, 16, '17MDSWE0686', 'NO', 20),
(513, 7, 16, '17MDSWE0687', 'NO', 20),
(514, 7, 16, '17MDSWE0688', 'NO', 20),
(515, 7, 16, '17MDSWE0689', 'NO', 20),
(516, 7, 16, '17MDSWE0690', 'NO', 20),
(517, 7, 16, '17MDSWE0691', 'NO', 20),
(518, 7, 16, '17MDSWE0692', 'NO', 20),
(519, 7, 16, '17MDSWE0693', 'NO', 20),
(520, 7, 16, '17MDSWE0694', 'NO', 20),
(521, 7, 16, '17MDSWE0696', 'NO', 20),
(522, 7, 16, '17MDSWE0697', 'NO', 20),
(523, 7, 16, '17MDSWE0698', 'NO', 20),
(524, 7, 16, '17MDSWE0699', 'NO', 20),
(525, 7, 16, '17MDSWE0700', 'NO', 20),
(526, 7, 16, '17MDSWE0701', 'NO', 20),
(527, 7, 16, '17MDSWE0702', 'NO', 20),
(528, 7, 16, '17MDSWE0703', 'NO', 20),
(529, 7, 16, '17MDSWE0704', 'NO', 20),
(530, 7, 16, '17MDSWE0705', 'NO', 20),
(531, 7, 16, '17MDSWE0706', 'NO', 20),
(532, 7, 16, '17MDSWE0707', 'NO', 20),
(533, 7, 16, '17MDSWE0708', 'NO', 20),
(534, 7, 16, '17MDSWE0709', 'NO', 20),
(535, 7, 16, '17MDSWE0710', 'NO', 20),
(536, 7, 16, '17MDSWE0711', 'NO', 20),
(537, 7, 16, '17MDSWE0712', 'NO', 20),
(538, 7, 16, '17MDSWE0713', 'NO', 20),
(539, 7, 16, '15MDSWE0556', 'NO', 20),
(540, 7, 16, '15MDSWE0563', 'NO', 20),
(541, 7, 16, '15MDSWE0577', 'NO', 20),
(542, 7, 17, '17MDSWE0665', 'NO', 20),
(543, 7, 17, '17MDSWE0666', 'NO', 20),
(544, 7, 17, '17MDSWE0667', 'NO', 20),
(545, 7, 17, '17MDSWE0668', 'NO', 20),
(546, 7, 17, '17MDSWE0669', 'NO', 20),
(547, 7, 17, '17MDSWE0671', 'NO', 20),
(548, 7, 17, '17MDSWE0672', 'NO', 20),
(549, 7, 17, '17MDSWE0673', 'NO', 20),
(550, 7, 17, '17MDSWE0674', 'NO', 20),
(551, 7, 17, '17MDSWE0675', 'NO', 20),
(552, 7, 17, '17MDSWE0676', 'NO', 20),
(553, 7, 17, '17MDSWE0677', 'NO', 20),
(554, 7, 17, '17MDSWE0678', 'NO', 20),
(555, 7, 17, '17MDSWE0679', 'NO', 20),
(556, 7, 17, '17MDSWE0680', 'NO', 20),
(557, 7, 17, '17MDSWE0681', 'NO', 20),
(558, 7, 17, '17MDSWE0682', 'NO', 20),
(559, 7, 17, '17MDSWE0683', 'NO', 20),
(560, 7, 17, '17MDSWE0684', 'NO', 20),
(561, 7, 17, '17MDSWE0685', 'NO', 20),
(562, 7, 17, '17MDSWE0686', 'NO', 20),
(563, 7, 17, '17MDSWE0687', 'NO', 20),
(564, 7, 17, '17MDSWE0688', 'NO', 20),
(565, 7, 17, '17MDSWE0689', 'NO', 20),
(566, 7, 17, '17MDSWE0690', 'NO', 20),
(567, 7, 17, '17MDSWE0691', 'NO', 20),
(568, 7, 17, '17MDSWE0692', 'NO', 20),
(569, 7, 17, '17MDSWE0693', 'NO', 20),
(570, 7, 17, '17MDSWE0694', 'NO', 20),
(571, 7, 17, '17MDSWE0696', 'NO', 20),
(572, 7, 17, '17MDSWE0697', 'NO', 20),
(573, 7, 17, '17MDSWE0698', 'NO', 20),
(574, 7, 17, '17MDSWE0699', 'NO', 20),
(575, 7, 17, '17MDSWE0700', 'NO', 20),
(576, 7, 17, '17MDSWE0701', 'NO', 20),
(577, 7, 17, '17MDSWE0702', 'NO', 20),
(578, 7, 17, '17MDSWE0703', 'NO', 20),
(579, 7, 17, '17MDSWE0704', 'NO', 20),
(580, 7, 17, '17MDSWE0705', 'NO', 20),
(581, 7, 17, '17MDSWE0706', 'NO', 20),
(582, 7, 17, '17MDSWE0707', 'NO', 20),
(583, 7, 17, '17MDSWE0708', 'NO', 20),
(584, 7, 17, '17MDSWE0709', 'NO', 20),
(585, 7, 17, '17MDSWE0710', 'NO', 20),
(586, 7, 17, '17MDSWE0711', 'NO', 20),
(587, 7, 17, '17MDSWE0712', 'NO', 20),
(588, 7, 17, '17MDSWE0713', 'NO', 20),
(589, 7, 17, '15MDSWE0556', 'NO', 20),
(590, 7, 17, '15MDSWE0563', 'NO', 20),
(591, 7, 17, '15MDSWE0577', 'NO', 20),
(592, 7, 18, '17MDSWE0665', 'NO', 20),
(593, 7, 18, '17MDSWE0666', 'NO', 20),
(594, 7, 18, '17MDSWE0667', 'NO', 20),
(595, 7, 18, '17MDSWE0668', 'NO', 20),
(596, 7, 18, '17MDSWE0669', 'NO', 20),
(597, 7, 18, '17MDSWE0671', 'NO', 20),
(598, 7, 18, '17MDSWE0672', 'NO', 20),
(599, 7, 18, '17MDSWE0673', 'NO', 20),
(600, 7, 18, '17MDSWE0674', 'NO', 20),
(601, 7, 18, '17MDSWE0675', 'NO', 20),
(602, 7, 18, '17MDSWE0676', 'NO', 20),
(603, 7, 18, '17MDSWE0677', 'NO', 20),
(604, 7, 18, '17MDSWE0678', 'NO', 20),
(605, 7, 18, '17MDSWE0679', 'NO', 20),
(606, 7, 18, '17MDSWE0680', 'NO', 20),
(607, 7, 18, '17MDSWE0681', 'NO', 20),
(608, 7, 18, '17MDSWE0682', 'NO', 20),
(609, 7, 18, '17MDSWE0683', 'NO', 20),
(610, 7, 18, '17MDSWE0684', 'NO', 20),
(611, 7, 18, '17MDSWE0685', 'NO', 20),
(612, 7, 18, '17MDSWE0686', 'NO', 20),
(613, 7, 18, '17MDSWE0687', 'NO', 20),
(614, 7, 18, '17MDSWE0688', 'NO', 20),
(615, 7, 18, '17MDSWE0689', 'NO', 20),
(616, 7, 18, '17MDSWE0690', 'NO', 20),
(617, 7, 18, '17MDSWE0691', 'NO', 20),
(618, 7, 18, '17MDSWE0692', 'NO', 20),
(619, 7, 18, '17MDSWE0693', 'NO', 20),
(620, 7, 18, '17MDSWE0694', 'NO', 20),
(621, 7, 18, '17MDSWE0696', 'NO', 20),
(622, 7, 18, '17MDSWE0697', 'NO', 20),
(623, 7, 18, '17MDSWE0698', 'NO', 20),
(624, 7, 18, '17MDSWE0699', 'NO', 20),
(625, 7, 18, '17MDSWE0700', 'NO', 20),
(626, 7, 18, '17MDSWE0701', 'NO', 20),
(627, 7, 18, '17MDSWE0702', 'NO', 20),
(628, 7, 18, '17MDSWE0703', 'NO', 20),
(629, 7, 18, '17MDSWE0704', 'NO', 20),
(630, 7, 18, '17MDSWE0705', 'NO', 20),
(631, 7, 18, '17MDSWE0706', 'NO', 20),
(632, 7, 18, '17MDSWE0707', 'NO', 20),
(633, 7, 18, '17MDSWE0708', 'NO', 20),
(634, 7, 18, '17MDSWE0709', 'NO', 20),
(635, 7, 18, '17MDSWE0710', 'NO', 20),
(636, 7, 18, '17MDSWE0711', 'NO', 20),
(637, 7, 18, '17MDSWE0712', 'NO', 20),
(638, 7, 18, '17MDSWE0713', 'NO', 20),
(639, 7, 18, '15MDSWE0556', 'NO', 20),
(640, 7, 18, '15MDSWE0563', 'NO', 20),
(641, 7, 18, '15MDSWE0577', 'NO', 20),
(642, 19, 26, '15MDSWE0549', 'YES', 20),
(643, 19, 26, '15MDSWE0550', 'YES', 20),
(644, 19, 26, '15MDSWE0551', 'YES', 20),
(645, 19, 26, '15MDSWE0552', 'YES', 20),
(646, 19, 26, '15MDSWE0553', 'YES', 20),
(647, 19, 26, '15MDSWE0554', 'YES', 20),
(648, 19, 26, '15MDSWE0555', 'YES', 20),
(649, 19, 26, '15MDSWE0556', 'YES', 20),
(650, 19, 26, '15MDSWE0557', 'YES', 20),
(651, 19, 26, '15MDSWE0558', 'YES', 20),
(652, 19, 26, '15MDSWE0559', 'YES', 20),
(653, 19, 26, '15MDSWE0560', 'YES', 20),
(654, 19, 26, '15MDSWE0561', 'YES', 20),
(655, 19, 26, '15MDSWE0562', 'YES', 20),
(656, 19, 26, '15MDSWE0563', 'YES', 20),
(657, 19, 26, '15MDSWE0564', 'YES', 20),
(658, 19, 26, '15MDSWE0565', 'YES', 20),
(659, 19, 26, '15MDSWE0566', 'YES', 20),
(660, 19, 26, '15MDSWE0567', 'YES', 20),
(661, 19, 26, '15MDSWE0568', 'YES', 20),
(662, 19, 26, '15MDSWE0569', 'YES', 20),
(663, 19, 26, '15MDSWE0570', 'YES', 20),
(664, 19, 26, '15MDSWE0571', 'YES', 20),
(665, 19, 26, '15MDSWE0572', 'YES', 20),
(666, 19, 26, '15MDSWE0573', 'YES', 20),
(667, 19, 26, '15MDSWE0574', 'YES', 20),
(668, 19, 26, '15MDSWE0575', 'YES', 20),
(669, 19, 26, '15MDSWE0576', 'YES', 20),
(670, 19, 26, '15MDSWE0577', 'YES', 20),
(671, 19, 26, '15MDSWE0578', 'YES', 20),
(672, 19, 26, '15MDSWE0579', 'YES', 20),
(673, 19, 26, '15MDSWE0580', 'YES', 20),
(674, 19, 26, '15MDSWE0581', 'YES', 20),
(675, 19, 26, '15MDSWE0582', 'YES', 20),
(676, 19, 26, '15MDSWE0583', 'YES', 20),
(677, 19, 26, '15MDSWE0584', 'YES', 20),
(678, 19, 26, '15MDSWE0586', 'YES', 20),
(679, 19, 26, '15MDSWE0587', 'YES', 20),
(680, 19, 26, '15MDSWE0588', 'YES', 20),
(681, 19, 26, '15MDSWE0589', 'YES', 20),
(682, 19, 26, '15MDSWE0590', 'YES', 20),
(683, 19, 26, '15MDSWE0591', 'YES', 20),
(684, 19, 26, '15MDSWE0592', 'YES', 20),
(685, 19, 26, '15MDSWE0593', 'YES', 20),
(686, 19, 26, '15MDSWE0594', 'YES', 20),
(687, 19, 26, '15MDSWE0595', 'YES', 20),
(688, 19, 26, '15MDSWE0596', 'YES', 20),
(689, 19, 26, '15MDSWE0597', 'YES', 20),
(690, 19, 26, '15MDSWE0598', 'YES', 20),
(691, 19, 26, '15MDSWE0599', 'YES', 20),
(692, 19, 26, '15MDSWE0600', 'YES', 20),
(693, 19, 26, '15MDSWE0601', 'YES', 20),
(694, 19, 26, '15MDSWE0603', 'YES', 20),
(695, 19, 26, '15MDSWE0604', 'YES', 20),
(696, 19, 27, '15MDSWE0549', 'YES', 20),
(697, 19, 27, '15MDSWE0550', 'YES', 20),
(698, 19, 27, '15MDSWE0551', 'YES', 20),
(699, 19, 27, '15MDSWE0552', 'YES', 20),
(700, 19, 27, '15MDSWE0553', 'YES', 20),
(701, 19, 27, '15MDSWE0554', 'YES', 20),
(702, 19, 27, '15MDSWE0555', 'YES', 20),
(703, 19, 27, '15MDSWE0556', 'YES', 20),
(704, 19, 27, '15MDSWE0557', 'YES', 20),
(705, 19, 27, '15MDSWE0558', 'YES', 20),
(706, 19, 27, '15MDSWE0559', 'YES', 20),
(707, 19, 27, '15MDSWE0560', 'YES', 20),
(708, 19, 27, '15MDSWE0561', 'YES', 20),
(709, 19, 27, '15MDSWE0562', 'YES', 20),
(710, 19, 27, '15MDSWE0563', 'YES', 20),
(711, 19, 27, '15MDSWE0564', 'YES', 20),
(712, 19, 27, '15MDSWE0565', 'YES', 20),
(713, 19, 27, '15MDSWE0566', 'YES', 20),
(714, 19, 27, '15MDSWE0567', 'YES', 20),
(715, 19, 27, '15MDSWE0568', 'YES', 20),
(716, 19, 27, '15MDSWE0569', 'YES', 20),
(717, 19, 27, '15MDSWE0570', 'YES', 20),
(718, 19, 27, '15MDSWE0571', 'YES', 20),
(719, 19, 27, '15MDSWE0572', 'YES', 20),
(720, 19, 27, '15MDSWE0573', 'YES', 20),
(721, 19, 27, '15MDSWE0574', 'YES', 20),
(722, 19, 27, '15MDSWE0575', 'YES', 20),
(723, 19, 27, '15MDSWE0576', 'YES', 20),
(724, 19, 27, '15MDSWE0577', 'YES', 20),
(725, 19, 27, '15MDSWE0578', 'YES', 20),
(726, 19, 27, '15MDSWE0579', 'YES', 20),
(727, 19, 27, '15MDSWE0580', 'YES', 20),
(728, 19, 27, '15MDSWE0581', 'YES', 20),
(729, 19, 27, '15MDSWE0582', 'YES', 20),
(730, 19, 27, '15MDSWE0583', 'YES', 20),
(731, 19, 27, '15MDSWE0584', 'YES', 20),
(732, 19, 27, '15MDSWE0586', 'YES', 20),
(733, 19, 27, '15MDSWE0587', 'YES', 20),
(734, 19, 27, '15MDSWE0588', 'YES', 20),
(735, 19, 27, '15MDSWE0589', 'YES', 20),
(736, 19, 27, '15MDSWE0590', 'YES', 20),
(737, 19, 27, '15MDSWE0591', 'YES', 20),
(738, 19, 27, '15MDSWE0592', 'YES', 20),
(739, 19, 27, '15MDSWE0593', 'YES', 20),
(740, 19, 27, '15MDSWE0594', 'YES', 20),
(741, 19, 27, '15MDSWE0595', 'YES', 20),
(742, 19, 27, '15MDSWE0596', 'YES', 20),
(743, 19, 27, '15MDSWE0597', 'YES', 20),
(744, 19, 27, '15MDSWE0598', 'YES', 20),
(745, 19, 27, '15MDSWE0599', 'YES', 20),
(746, 19, 27, '15MDSWE0600', 'YES', 20),
(747, 19, 27, '15MDSWE0601', 'YES', 20),
(748, 19, 27, '15MDSWE0603', 'YES', 20),
(749, 19, 27, '15MDSWE0604', 'YES', 20),
(750, 25, 28, '16MDSWE0605', 'NO', 20),
(751, 25, 28, '16MDSWE0606', 'NO', 20),
(752, 25, 28, '16MDSWE0607', 'NO', 20),
(753, 25, 28, '16MDSWE0608', 'NO', 20),
(754, 25, 28, '16MDSWE0609', 'NO', 20),
(755, 25, 28, '16MDSWE0610', 'NO', 20),
(756, 25, 28, '16MDSWE0611', 'NO', 20),
(757, 25, 28, '16MDSWE0612', 'NO', 20),
(758, 25, 28, '16MDSWE0614', 'NO', 20),
(759, 25, 28, '16MDSWE0615', 'NO', 20),
(760, 25, 28, '16MDSWE0616', 'NO', 20),
(761, 25, 28, '16MDSWE0617', 'NO', 20),
(762, 25, 28, '16MDSWE0618', 'NO', 20),
(763, 25, 28, '16MDSWE0619', 'NO', 20),
(764, 25, 28, '16MDSWE0620', 'NO', 20),
(765, 25, 28, '16MDSWE0621', 'NO', 20),
(766, 25, 28, '16MDSWE0622', 'NO', 20),
(767, 25, 28, '16MDSWE0623', 'NO', 20),
(768, 25, 28, '16MDSWE0624', 'NO', 20),
(769, 25, 28, '16MDSWE0626', 'NO', 20),
(770, 25, 28, '16MDSWE0627', 'NO', 20),
(771, 25, 28, '16MDSWE0628', 'NO', 20),
(772, 25, 28, '16MDSWE0629', 'NO', 20),
(773, 25, 28, '16MDSWE0630', 'NO', 20),
(774, 25, 28, '16MDSWE0631', 'NO', 20),
(775, 25, 28, '16MDSWE0632', 'NO', 20),
(776, 25, 28, '16MDSWE0633', 'NO', 20),
(777, 25, 28, '16MDSWE0634', 'NO', 20),
(778, 25, 28, '16MDSWE0635', 'NO', 20),
(779, 25, 28, '16MDSWE0636', 'NO', 20),
(780, 25, 28, '16MDSWE0638', 'NO', 20),
(781, 25, 28, '16MDSWE0639', 'NO', 20),
(782, 25, 28, '16MDSWE0640', 'NO', 20),
(783, 25, 28, '16MDSWE0641', 'NO', 20),
(784, 25, 28, '16MDSWE0642', 'NO', 20),
(785, 25, 28, '16MDSWE0643', 'NO', 20),
(786, 25, 28, '16MDSWE0644', 'NO', 20),
(787, 25, 28, '16MDSWE0645', 'NO', 20),
(788, 25, 28, '16MDSWE0646', 'NO', 20),
(789, 25, 28, '16MDSWE0647', 'NO', 20),
(790, 25, 28, '16MDSWE0648', 'NO', 20),
(791, 25, 28, '16MDSWE0649', 'NO', 20),
(792, 25, 28, '16MDSWE0650', 'NO', 20),
(793, 25, 28, '16MDSWE0651', 'NO', 20),
(794, 25, 28, '16MDSWE0652', 'NO', 20),
(795, 25, 28, '16MDSWE0653', 'NO', 20),
(796, 25, 28, '16MDSWE0654', 'NO', 20),
(797, 25, 28, '16MDSWE0655', 'NO', 20),
(798, 25, 28, '16MDSWE0656', 'NO', 20),
(799, 25, 28, '16MDSWE0657', 'NO', 20),
(800, 25, 28, '16MDSWE0658', 'NO', 20),
(801, 25, 28, '16MDSWE0659', 'NO', 20),
(802, 25, 28, '16MDSWE0660', 'NO', 20),
(803, 25, 28, '16MDSWE0662', 'NO', 20),
(804, 25, 28, '16MDSWE0663', 'NO', 20),
(805, 25, 28, '16MDSWE0664', 'NO', 20),
(806, 25, 29, '16MDSWE0605', 'NO', 20),
(807, 25, 29, '16MDSWE0606', 'NO', 20),
(808, 25, 29, '16MDSWE0607', 'NO', 20),
(809, 25, 29, '16MDSWE0608', 'NO', 20),
(810, 25, 29, '16MDSWE0609', 'NO', 20),
(811, 25, 29, '16MDSWE0610', 'NO', 20),
(812, 25, 29, '16MDSWE0611', 'NO', 20),
(813, 25, 29, '16MDSWE0612', 'NO', 20),
(814, 25, 29, '16MDSWE0614', 'NO', 20),
(815, 25, 29, '16MDSWE0615', 'NO', 20),
(816, 25, 29, '16MDSWE0616', 'NO', 20),
(817, 25, 29, '16MDSWE0617', 'NO', 20),
(818, 25, 29, '16MDSWE0618', 'NO', 20),
(819, 25, 29, '16MDSWE0619', 'NO', 20),
(820, 25, 29, '16MDSWE0620', 'NO', 20),
(821, 25, 29, '16MDSWE0621', 'NO', 20),
(822, 25, 29, '16MDSWE0622', 'NO', 20),
(823, 25, 29, '16MDSWE0623', 'NO', 20),
(824, 25, 29, '16MDSWE0624', 'NO', 20),
(825, 25, 29, '16MDSWE0626', 'NO', 20),
(826, 25, 29, '16MDSWE0627', 'NO', 20),
(827, 25, 29, '16MDSWE0628', 'NO', 20),
(828, 25, 29, '16MDSWE0629', 'NO', 20),
(829, 25, 29, '16MDSWE0630', 'NO', 20),
(830, 25, 29, '16MDSWE0631', 'NO', 20),
(831, 25, 29, '16MDSWE0632', 'NO', 20),
(832, 25, 29, '16MDSWE0633', 'NO', 20),
(833, 25, 29, '16MDSWE0634', 'NO', 20),
(834, 25, 29, '16MDSWE0635', 'NO', 20),
(835, 25, 29, '16MDSWE0636', 'NO', 20),
(836, 25, 29, '16MDSWE0638', 'NO', 20),
(837, 25, 29, '16MDSWE0639', 'NO', 20),
(838, 25, 29, '16MDSWE0640', 'NO', 20),
(839, 25, 29, '16MDSWE0641', 'NO', 20),
(840, 25, 29, '16MDSWE0642', 'NO', 20),
(841, 25, 29, '16MDSWE0643', 'NO', 20),
(842, 25, 29, '16MDSWE0644', 'NO', 20),
(843, 25, 29, '16MDSWE0645', 'NO', 20),
(844, 25, 29, '16MDSWE0646', 'NO', 20),
(845, 25, 29, '16MDSWE0647', 'NO', 20),
(846, 25, 29, '16MDSWE0648', 'NO', 20),
(847, 25, 29, '16MDSWE0649', 'NO', 20),
(848, 25, 29, '16MDSWE0650', 'NO', 20),
(849, 25, 29, '16MDSWE0651', 'NO', 20),
(850, 25, 29, '16MDSWE0652', 'NO', 20),
(851, 25, 29, '16MDSWE0653', 'NO', 20),
(852, 25, 29, '16MDSWE0654', 'NO', 20),
(853, 25, 29, '16MDSWE0655', 'NO', 20),
(854, 25, 29, '16MDSWE0656', 'NO', 20),
(855, 25, 29, '16MDSWE0657', 'NO', 20),
(856, 25, 29, '16MDSWE0658', 'NO', 20),
(857, 25, 29, '16MDSWE0659', 'NO', 20),
(858, 25, 29, '16MDSWE0660', 'NO', 20),
(859, 25, 29, '16MDSWE0662', 'NO', 20),
(860, 25, 29, '16MDSWE0663', 'NO', 20),
(861, 25, 29, '16MDSWE0664', 'NO', 20),
(862, 25, 30, '16MDSWE0605', 'NO', 20),
(863, 25, 30, '16MDSWE0606', 'NO', 20),
(864, 25, 30, '16MDSWE0607', 'NO', 20),
(865, 25, 30, '16MDSWE0608', 'NO', 20),
(866, 25, 30, '16MDSWE0609', 'NO', 20),
(867, 25, 30, '16MDSWE0610', 'NO', 20),
(868, 25, 30, '16MDSWE0611', 'NO', 20),
(869, 25, 30, '16MDSWE0612', 'NO', 20),
(870, 25, 30, '16MDSWE0614', 'NO', 20),
(871, 25, 30, '16MDSWE0615', 'NO', 20),
(872, 25, 30, '16MDSWE0616', 'NO', 20),
(873, 25, 30, '16MDSWE0617', 'NO', 20),
(874, 25, 30, '16MDSWE0618', 'NO', 20),
(875, 25, 30, '16MDSWE0619', 'NO', 20),
(876, 25, 30, '16MDSWE0620', 'NO', 20),
(877, 25, 30, '16MDSWE0621', 'NO', 20),
(878, 25, 30, '16MDSWE0622', 'NO', 20),
(879, 25, 30, '16MDSWE0623', 'NO', 20),
(880, 25, 30, '16MDSWE0624', 'NO', 20),
(881, 25, 30, '16MDSWE0626', 'NO', 20),
(882, 25, 30, '16MDSWE0627', 'NO', 20),
(883, 25, 30, '16MDSWE0628', 'NO', 20),
(884, 25, 30, '16MDSWE0629', 'NO', 20),
(885, 25, 30, '16MDSWE0630', 'NO', 20),
(886, 25, 30, '16MDSWE0631', 'NO', 20),
(887, 25, 30, '16MDSWE0632', 'NO', 20),
(888, 25, 30, '16MDSWE0633', 'NO', 20),
(889, 25, 30, '16MDSWE0634', 'NO', 20),
(890, 25, 30, '16MDSWE0635', 'NO', 20),
(891, 25, 30, '16MDSWE0636', 'NO', 20),
(892, 25, 30, '16MDSWE0638', 'NO', 20),
(893, 25, 30, '16MDSWE0639', 'NO', 20),
(894, 25, 30, '16MDSWE0640', 'NO', 20),
(895, 25, 30, '16MDSWE0641', 'NO', 20),
(896, 25, 30, '16MDSWE0642', 'NO', 20),
(897, 25, 30, '16MDSWE0643', 'NO', 20),
(898, 25, 30, '16MDSWE0644', 'NO', 20),
(899, 25, 30, '16MDSWE0645', 'NO', 20),
(900, 25, 30, '16MDSWE0646', 'NO', 20),
(901, 25, 30, '16MDSWE0647', 'NO', 20),
(902, 25, 30, '16MDSWE0648', 'NO', 20),
(903, 25, 30, '16MDSWE0649', 'NO', 20),
(904, 25, 30, '16MDSWE0650', 'NO', 20),
(905, 25, 30, '16MDSWE0651', 'NO', 20),
(906, 25, 30, '16MDSWE0652', 'NO', 20),
(907, 25, 30, '16MDSWE0653', 'NO', 20),
(908, 25, 30, '16MDSWE0654', 'NO', 20),
(909, 25, 30, '16MDSWE0655', 'NO', 20),
(910, 25, 30, '16MDSWE0656', 'NO', 20),
(911, 25, 30, '16MDSWE0657', 'NO', 20),
(912, 25, 30, '16MDSWE0658', 'NO', 20),
(913, 25, 30, '16MDSWE0659', 'NO', 20),
(914, 25, 30, '16MDSWE0660', 'NO', 20),
(915, 25, 30, '16MDSWE0662', 'NO', 20),
(916, 25, 30, '16MDSWE0663', 'NO', 20),
(917, 25, 30, '16MDSWE0664', 'NO', 20),
(918, 25, 31, '16MDSWE0605', 'NO', 20),
(919, 25, 31, '16MDSWE0606', 'NO', 20),
(920, 25, 31, '16MDSWE0607', 'NO', 20),
(921, 25, 31, '16MDSWE0608', 'NO', 20),
(922, 25, 31, '16MDSWE0609', 'NO', 20),
(923, 25, 31, '16MDSWE0610', 'NO', 20),
(924, 25, 31, '16MDSWE0611', 'NO', 20),
(925, 25, 31, '16MDSWE0612', 'NO', 20),
(926, 25, 31, '16MDSWE0614', 'NO', 20),
(927, 25, 31, '16MDSWE0615', 'NO', 20),
(928, 25, 31, '16MDSWE0616', 'NO', 20),
(929, 25, 31, '16MDSWE0617', 'NO', 20),
(930, 25, 31, '16MDSWE0618', 'NO', 20),
(931, 25, 31, '16MDSWE0619', 'NO', 20),
(932, 25, 31, '16MDSWE0620', 'NO', 20),
(933, 25, 31, '16MDSWE0621', 'NO', 20),
(934, 25, 31, '16MDSWE0622', 'NO', 20),
(935, 25, 31, '16MDSWE0623', 'NO', 20),
(936, 25, 31, '16MDSWE0624', 'NO', 20),
(937, 25, 31, '16MDSWE0626', 'NO', 20),
(938, 25, 31, '16MDSWE0627', 'NO', 20),
(939, 25, 31, '16MDSWE0628', 'NO', 20),
(940, 25, 31, '16MDSWE0629', 'NO', 20),
(941, 25, 31, '16MDSWE0630', 'NO', 20),
(942, 25, 31, '16MDSWE0631', 'NO', 20),
(943, 25, 31, '16MDSWE0632', 'NO', 20),
(944, 25, 31, '16MDSWE0633', 'NO', 20),
(945, 25, 31, '16MDSWE0634', 'NO', 20),
(946, 25, 31, '16MDSWE0635', 'NO', 20),
(947, 25, 31, '16MDSWE0636', 'NO', 20),
(948, 25, 31, '16MDSWE0638', 'NO', 20),
(949, 25, 31, '16MDSWE0639', 'NO', 20),
(950, 25, 31, '16MDSWE0640', 'NO', 20),
(951, 25, 31, '16MDSWE0641', 'NO', 20),
(952, 25, 31, '16MDSWE0642', 'NO', 20),
(953, 25, 31, '16MDSWE0643', 'NO', 20),
(954, 25, 31, '16MDSWE0644', 'NO', 20),
(955, 25, 31, '16MDSWE0645', 'NO', 20),
(956, 25, 31, '16MDSWE0646', 'NO', 20),
(957, 25, 31, '16MDSWE0647', 'NO', 20),
(958, 25, 31, '16MDSWE0648', 'NO', 20),
(959, 25, 31, '16MDSWE0649', 'NO', 20),
(960, 25, 31, '16MDSWE0650', 'NO', 20),
(961, 25, 31, '16MDSWE0651', 'NO', 20),
(962, 25, 31, '16MDSWE0652', 'NO', 20),
(963, 25, 31, '16MDSWE0653', 'NO', 20),
(964, 25, 31, '16MDSWE0654', 'NO', 20),
(965, 25, 31, '16MDSWE0655', 'NO', 20),
(966, 25, 31, '16MDSWE0656', 'NO', 20),
(967, 25, 31, '16MDSWE0657', 'NO', 20),
(968, 25, 31, '16MDSWE0658', 'NO', 20),
(969, 25, 31, '16MDSWE0659', 'NO', 20),
(970, 25, 31, '16MDSWE0660', 'NO', 20),
(971, 25, 31, '16MDSWE0662', 'NO', 20),
(972, 25, 31, '16MDSWE0663', 'NO', 20),
(973, 25, 31, '16MDSWE0664', 'NO', 20),
(974, 6, 39, '17MDSWE0665', 'NO', 20),
(975, 6, 39, '17MDSWE0666', 'NO', 20),
(976, 6, 39, '17MDSWE0667', 'NO', 20),
(977, 6, 39, '17MDSWE0668', 'NO', 20),
(978, 6, 39, '17MDSWE0669', 'NO', 20),
(979, 6, 39, '17MDSWE0671', 'NO', 20),
(980, 6, 39, '17MDSWE0672', 'NO', 20),
(981, 6, 39, '17MDSWE0673', 'NO', 20),
(982, 6, 39, '17MDSWE0674', 'NO', 20),
(983, 6, 39, '17MDSWE0675', 'NO', 20),
(984, 6, 39, '17MDSWE0676', 'NO', 20),
(985, 6, 39, '17MDSWE0677', 'NO', 20),
(986, 6, 39, '17MDSWE0678', 'NO', 20),
(987, 6, 39, '17MDSWE0679', 'NO', 20),
(988, 6, 39, '17MDSWE0680', 'NO', 20),
(989, 6, 39, '17MDSWE0681', 'NO', 20),
(990, 6, 39, '17MDSWE0682', 'NO', 20),
(991, 6, 39, '17MDSWE0683', 'NO', 20),
(992, 6, 39, '17MDSWE0684', 'NO', 20),
(993, 6, 39, '17MDSWE0685', 'NO', 20),
(994, 6, 39, '17MDSWE0686', 'NO', 20),
(995, 6, 39, '17MDSWE0687', 'NO', 20),
(996, 6, 39, '17MDSWE0688', 'NO', 20),
(997, 6, 39, '17MDSWE0689', 'NO', 20),
(998, 6, 39, '17MDSWE0690', 'NO', 20),
(999, 6, 39, '17MDSWE0691', 'NO', 20),
(1000, 6, 39, '17MDSWE0692', 'NO', 20),
(1001, 6, 39, '17MDSWE0693', 'NO', 20),
(1002, 6, 39, '17MDSWE0694', 'NO', 20),
(1003, 6, 39, '17MDSWE0696', 'NO', 20),
(1004, 6, 39, '17MDSWE0697', 'NO', 20),
(1005, 6, 39, '17MDSWE0698', 'NO', 20),
(1006, 6, 39, '17MDSWE0699', 'NO', 20),
(1007, 6, 39, '17MDSWE0700', 'NO', 20),
(1008, 6, 39, '17MDSWE0701', 'NO', 20),
(1009, 6, 39, '17MDSWE0702', 'NO', 20),
(1010, 6, 39, '17MDSWE0703', 'NO', 20),
(1011, 6, 39, '17MDSWE0704', 'NO', 20),
(1012, 6, 39, '17MDSWE0705', 'NO', 20),
(1013, 6, 39, '17MDSWE0706', 'NO', 20),
(1014, 6, 39, '17MDSWE0707', 'NO', 20),
(1015, 6, 39, '17MDSWE0708', 'NO', 20),
(1016, 6, 39, '17MDSWE0709', 'NO', 20),
(1017, 6, 39, '17MDSWE0710', 'NO', 20),
(1018, 6, 39, '17MDSWE0711', 'NO', 20),
(1019, 6, 39, '17MDSWE0712', 'NO', 20),
(1020, 6, 39, '17MDSWE0713', 'NO', 20),
(1021, 6, 40, '17MDSWE0665', 'NO', 20),
(1022, 6, 40, '17MDSWE0666', 'NO', 20),
(1023, 6, 40, '17MDSWE0667', 'NO', 20),
(1024, 6, 40, '17MDSWE0668', 'NO', 20),
(1025, 6, 40, '17MDSWE0669', 'NO', 20),
(1026, 6, 40, '17MDSWE0671', 'NO', 20),
(1027, 6, 40, '17MDSWE0672', 'NO', 20),
(1028, 6, 40, '17MDSWE0673', 'NO', 20),
(1029, 6, 40, '17MDSWE0674', 'NO', 20),
(1030, 6, 40, '17MDSWE0675', 'NO', 20),
(1031, 6, 40, '17MDSWE0676', 'NO', 20),
(1032, 6, 40, '17MDSWE0677', 'NO', 20),
(1033, 6, 40, '17MDSWE0678', 'NO', 20),
(1034, 6, 40, '17MDSWE0679', 'NO', 20),
(1035, 6, 40, '17MDSWE0680', 'NO', 20),
(1036, 6, 40, '17MDSWE0681', 'NO', 20),
(1037, 6, 40, '17MDSWE0682', 'NO', 20),
(1038, 6, 40, '17MDSWE0683', 'NO', 20),
(1039, 6, 40, '17MDSWE0684', 'NO', 20),
(1040, 6, 40, '17MDSWE0685', 'NO', 20),
(1041, 6, 40, '17MDSWE0686', 'NO', 20),
(1042, 6, 40, '17MDSWE0687', 'NO', 20),
(1043, 6, 40, '17MDSWE0688', 'NO', 20),
(1044, 6, 40, '17MDSWE0689', 'NO', 20),
(1045, 6, 40, '17MDSWE0690', 'NO', 20),
(1046, 6, 40, '17MDSWE0691', 'NO', 20),
(1047, 6, 40, '17MDSWE0692', 'NO', 20),
(1048, 6, 40, '17MDSWE0693', 'NO', 20),
(1049, 6, 40, '17MDSWE0694', 'NO', 20),
(1050, 6, 40, '17MDSWE0696', 'NO', 20),
(1051, 6, 40, '17MDSWE0697', 'NO', 20),
(1052, 6, 40, '17MDSWE0698', 'NO', 20),
(1053, 6, 40, '17MDSWE0699', 'NO', 20),
(1054, 6, 40, '17MDSWE0700', 'NO', 20),
(1055, 6, 40, '17MDSWE0701', 'NO', 20),
(1056, 6, 40, '17MDSWE0702', 'NO', 20),
(1057, 6, 40, '17MDSWE0703', 'NO', 20),
(1058, 6, 40, '17MDSWE0704', 'NO', 20),
(1059, 6, 40, '17MDSWE0705', 'NO', 20),
(1060, 6, 40, '17MDSWE0706', 'NO', 20),
(1061, 6, 40, '17MDSWE0707', 'NO', 20),
(1062, 6, 40, '17MDSWE0708', 'NO', 20),
(1063, 6, 40, '17MDSWE0709', 'NO', 20),
(1064, 6, 40, '17MDSWE0710', 'NO', 20),
(1065, 6, 40, '17MDSWE0711', 'NO', 20),
(1066, 6, 40, '17MDSWE0712', 'NO', 20),
(1067, 6, 40, '17MDSWE0713', 'NO', 20),
(1068, 6, 41, '17MDSWE0665', 'NO', 20),
(1069, 6, 41, '17MDSWE0666', 'NO', 20),
(1070, 6, 41, '17MDSWE0667', 'NO', 20),
(1071, 6, 41, '17MDSWE0668', 'NO', 20),
(1072, 6, 41, '17MDSWE0669', 'NO', 20),
(1073, 6, 41, '17MDSWE0671', 'NO', 20),
(1074, 6, 41, '17MDSWE0672', 'NO', 20),
(1075, 6, 41, '17MDSWE0673', 'NO', 20),
(1076, 6, 41, '17MDSWE0674', 'NO', 20),
(1077, 6, 41, '17MDSWE0675', 'NO', 20),
(1078, 6, 41, '17MDSWE0676', 'NO', 20),
(1079, 6, 41, '17MDSWE0677', 'YES', 20),
(1080, 6, 41, '17MDSWE0678', 'NO', 20),
(1081, 6, 41, '17MDSWE0679', 'NO', 20),
(1082, 6, 41, '17MDSWE0680', 'NO', 20),
(1083, 6, 41, '17MDSWE0681', 'NO', 20),
(1084, 6, 41, '17MDSWE0682', 'NO', 20),
(1085, 6, 41, '17MDSWE0683', 'NO', 20),
(1086, 6, 41, '17MDSWE0684', 'NO', 20),
(1087, 6, 41, '17MDSWE0685', 'NO', 20),
(1088, 6, 41, '17MDSWE0686', 'NO', 20),
(1089, 6, 41, '17MDSWE0687', 'NO', 20),
(1090, 6, 41, '17MDSWE0688', 'NO', 20),
(1091, 6, 41, '17MDSWE0689', 'NO', 20),
(1092, 6, 41, '17MDSWE0690', 'NO', 20),
(1093, 6, 41, '17MDSWE0691', 'NO', 20),
(1094, 6, 41, '17MDSWE0692', 'NO', 20),
(1095, 6, 41, '17MDSWE0693', 'NO', 20),
(1096, 6, 41, '17MDSWE0694', 'NO', 20),
(1097, 6, 41, '17MDSWE0696', 'NO', 20),
(1098, 6, 41, '17MDSWE0697', 'NO', 20),
(1099, 6, 41, '17MDSWE0698', 'NO', 20),
(1100, 6, 41, '17MDSWE0699', 'NO', 20),
(1101, 6, 41, '17MDSWE0700', 'NO', 20),
(1102, 6, 41, '17MDSWE0701', 'NO', 20),
(1103, 6, 41, '17MDSWE0702', 'NO', 20),
(1104, 6, 41, '17MDSWE0703', 'NO', 20),
(1105, 6, 41, '17MDSWE0704', 'NO', 20),
(1106, 6, 41, '17MDSWE0705', 'NO', 20),
(1107, 6, 41, '17MDSWE0706', 'NO', 20),
(1108, 6, 41, '17MDSWE0707', 'NO', 20),
(1109, 6, 41, '17MDSWE0708', 'NO', 20),
(1110, 6, 41, '17MDSWE0709', 'NO', 20),
(1111, 6, 41, '17MDSWE0710', 'NO', 20),
(1112, 6, 41, '17MDSWE0711', 'NO', 20),
(1113, 6, 41, '17MDSWE0712', 'NO', 20),
(1114, 6, 41, '17MDSWE0713', 'NO', 20),
(1115, 17, 35, '15MDSWE0549', 'YES', 20),
(1116, 17, 35, '15MDSWE0550', 'YES', 20),
(1117, 17, 35, '15MDSWE0551', 'YES', 20),
(1118, 17, 35, '15MDSWE0552', 'YES', 20),
(1119, 17, 35, '15MDSWE0553', 'YES', 20),
(1120, 17, 35, '15MDSWE0554', 'YES', 20),
(1121, 17, 35, '15MDSWE0555', 'YES', 20),
(1122, 17, 35, '15MDSWE0556', 'YES', 20),
(1123, 17, 35, '15MDSWE0557', 'YES', 20),
(1124, 17, 35, '15MDSWE0558', 'YES', 20),
(1125, 17, 35, '15MDSWE0559', 'YES', 20),
(1126, 17, 35, '15MDSWE0560', 'NO', 20),
(1127, 17, 35, '15MDSWE0561', 'YES', 20),
(1128, 17, 35, '15MDSWE0562', 'YES', 20),
(1129, 17, 35, '15MDSWE0563', 'YES', 20),
(1130, 17, 35, '15MDSWE0564', 'YES', 20),
(1131, 17, 35, '15MDSWE0565', 'YES', 20),
(1132, 17, 35, '15MDSWE0566', 'NO', 20),
(1133, 17, 35, '15MDSWE0567', 'YES', 20),
(1134, 17, 35, '15MDSWE0568', 'YES', 20),
(1135, 17, 35, '15MDSWE0569', 'YES', 20),
(1136, 17, 35, '15MDSWE0570', 'YES', 20),
(1137, 17, 35, '15MDSWE0571', 'NO', 20),
(1138, 17, 35, '15MDSWE0572', 'YES', 20),
(1139, 17, 35, '15MDSWE0573', 'YES', 20),
(1140, 17, 35, '15MDSWE0574', 'NO', 20),
(1141, 17, 35, '15MDSWE0575', 'YES', 20),
(1142, 17, 35, '15MDSWE0576', 'YES', 20),
(1143, 17, 35, '15MDSWE0577', 'YES', 20),
(1144, 17, 35, '15MDSWE0578', 'YES', 20),
(1145, 17, 35, '15MDSWE0579', 'YES', 20),
(1146, 17, 35, '15MDSWE0580', 'YES', 20),
(1147, 17, 35, '15MDSWE0581', 'YES', 20),
(1148, 17, 35, '15MDSWE0582', 'YES', 20),
(1149, 17, 35, '15MDSWE0583', 'YES', 20),
(1150, 17, 35, '15MDSWE0584', 'YES', 20),
(1151, 17, 35, '15MDSWE0586', 'YES', 20),
(1152, 17, 35, '15MDSWE0587', 'YES', 20),
(1153, 17, 35, '15MDSWE0588', 'YES', 20),
(1154, 17, 35, '15MDSWE0589', 'YES', 20),
(1155, 17, 35, '15MDSWE0590', 'YES', 20),
(1156, 17, 35, '15MDSWE0591', 'YES', 20),
(1157, 17, 35, '15MDSWE0592', 'YES', 20),
(1158, 17, 35, '15MDSWE0593', 'YES', 20),
(1159, 17, 35, '15MDSWE0594', 'YES', 20),
(1160, 17, 35, '15MDSWE0595', 'YES', 20),
(1161, 17, 35, '15MDSWE0596', 'NO', 20),
(1162, 17, 35, '15MDSWE0597', 'YES', 20),
(1163, 17, 35, '15MDSWE0598', 'YES', 20),
(1164, 17, 35, '15MDSWE0599', 'YES', 20),
(1165, 17, 35, '15MDSWE0600', 'YES', 20),
(1166, 17, 35, '15MDSWE0601', 'YES', 20),
(1167, 17, 35, '15MDSWE0603', 'YES', 20),
(1168, 17, 35, '15MDSWE0604', 'YES', 20),
(1169, 17, 36, '15MDSWE0549', 'YES', 20),
(1170, 17, 36, '15MDSWE0550', 'YES', 20),
(1171, 17, 36, '15MDSWE0551', 'YES', 20),
(1172, 17, 36, '15MDSWE0552', 'YES', 20),
(1173, 17, 36, '15MDSWE0553', 'YES', 20),
(1174, 17, 36, '15MDSWE0554', 'YES', 20),
(1175, 17, 36, '15MDSWE0555', 'YES', 20),
(1176, 17, 36, '15MDSWE0556', 'YES', 20),
(1177, 17, 36, '15MDSWE0557', 'YES', 20),
(1178, 17, 36, '15MDSWE0558', 'YES', 20),
(1179, 17, 36, '15MDSWE0559', 'YES', 20),
(1180, 17, 36, '15MDSWE0560', 'YES', 20),
(1181, 17, 36, '15MDSWE0561', 'YES', 20),
(1182, 17, 36, '15MDSWE0562', 'YES', 20),
(1183, 17, 36, '15MDSWE0563', 'YES', 20),
(1184, 17, 36, '15MDSWE0564', 'YES', 20),
(1185, 17, 36, '15MDSWE0565', 'YES', 20),
(1186, 17, 36, '15MDSWE0566', 'YES', 20),
(1187, 17, 36, '15MDSWE0567', 'YES', 20),
(1188, 17, 36, '15MDSWE0568', 'YES', 20),
(1189, 17, 36, '15MDSWE0569', 'YES', 20),
(1190, 17, 36, '15MDSWE0570', 'YES', 20),
(1191, 17, 36, '15MDSWE0571', 'YES', 20),
(1192, 17, 36, '15MDSWE0572', 'YES', 20),
(1193, 17, 36, '15MDSWE0573', 'YES', 20),
(1194, 17, 36, '15MDSWE0574', 'YES', 20),
(1195, 17, 36, '15MDSWE0575', 'YES', 20),
(1196, 17, 36, '15MDSWE0576', 'YES', 20),
(1197, 17, 36, '15MDSWE0577', 'YES', 20),
(1198, 17, 36, '15MDSWE0578', 'YES', 20),
(1199, 17, 36, '15MDSWE0579', 'YES', 20),
(1200, 17, 36, '15MDSWE0580', 'YES', 20),
(1201, 17, 36, '15MDSWE0581', 'YES', 20),
(1202, 17, 36, '15MDSWE0582', 'YES', 20),
(1203, 17, 36, '15MDSWE0583', 'YES', 20),
(1204, 17, 36, '15MDSWE0584', 'YES', 20),
(1205, 17, 36, '15MDSWE0586', 'YES', 20),
(1206, 17, 36, '15MDSWE0587', 'YES', 20),
(1207, 17, 36, '15MDSWE0588', 'YES', 20),
(1208, 17, 36, '15MDSWE0589', 'YES', 20),
(1209, 17, 36, '15MDSWE0590', 'YES', 20),
(1210, 17, 36, '15MDSWE0591', 'YES', 20),
(1211, 17, 36, '15MDSWE0592', 'YES', 20),
(1212, 17, 36, '15MDSWE0593', 'YES', 20),
(1213, 17, 36, '15MDSWE0594', 'YES', 20),
(1214, 17, 36, '15MDSWE0595', 'YES', 20),
(1215, 17, 36, '15MDSWE0596', 'YES', 20),
(1216, 17, 36, '15MDSWE0597', 'YES', 20),
(1217, 17, 36, '15MDSWE0598', 'YES', 20),
(1218, 17, 36, '15MDSWE0599', 'YES', 20),
(1219, 17, 36, '15MDSWE0600', 'YES', 20),
(1220, 17, 36, '15MDSWE0601', 'YES', 20),
(1221, 17, 36, '15MDSWE0603', 'YES', 20),
(1222, 17, 36, '15MDSWE0604', 'YES', 20),
(1223, 17, 37, '15MDSWE0549', 'YES', 20),
(1224, 17, 37, '15MDSWE0550', 'YES', 20),
(1225, 17, 37, '15MDSWE0551', 'YES', 20),
(1226, 17, 37, '15MDSWE0552', 'YES', 20),
(1227, 17, 37, '15MDSWE0553', 'YES', 20),
(1228, 17, 37, '15MDSWE0554', 'YES', 20),
(1229, 17, 37, '15MDSWE0555', 'YES', 20),
(1230, 17, 37, '15MDSWE0556', 'YES', 20),
(1231, 17, 37, '15MDSWE0557', 'YES', 20),
(1232, 17, 37, '15MDSWE0558', 'YES', 20),
(1233, 17, 37, '15MDSWE0559', 'YES', 20),
(1234, 17, 37, '15MDSWE0560', 'YES', 20),
(1235, 17, 37, '15MDSWE0561', 'YES', 20),
(1236, 17, 37, '15MDSWE0562', 'NO', 20),
(1237, 17, 37, '15MDSWE0563', 'YES', 20),
(1238, 17, 37, '15MDSWE0564', 'YES', 20),
(1239, 17, 37, '15MDSWE0565', 'YES', 20),
(1240, 17, 37, '15MDSWE0566', 'YES', 20),
(1241, 17, 37, '15MDSWE0567', 'YES', 20),
(1242, 17, 37, '15MDSWE0568', 'YES', 20),
(1243, 17, 37, '15MDSWE0569', 'YES', 20),
(1244, 17, 37, '15MDSWE0570', 'YES', 20),
(1245, 17, 37, '15MDSWE0571', 'YES', 20),
(1246, 17, 37, '15MDSWE0572', 'YES', 20),
(1247, 17, 37, '15MDSWE0573', 'YES', 20),
(1248, 17, 37, '15MDSWE0574', 'YES', 20),
(1249, 17, 37, '15MDSWE0575', 'YES', 20),
(1250, 17, 37, '15MDSWE0576', 'YES', 20),
(1251, 17, 37, '15MDSWE0577', 'YES', 20),
(1252, 17, 37, '15MDSWE0578', 'YES', 20),
(1253, 17, 37, '15MDSWE0579', 'YES', 20),
(1254, 17, 37, '15MDSWE0580', 'YES', 20),
(1255, 17, 37, '15MDSWE0581', 'YES', 20),
(1256, 17, 37, '15MDSWE0582', 'YES', 20),
(1257, 17, 37, '15MDSWE0583', 'YES', 20),
(1258, 17, 37, '15MDSWE0584', 'YES', 20),
(1259, 17, 37, '15MDSWE0586', 'YES', 20),
(1260, 17, 37, '15MDSWE0587', 'YES', 20),
(1261, 17, 37, '15MDSWE0588', 'NO', 20),
(1262, 17, 37, '15MDSWE0589', 'YES', 20),
(1263, 17, 37, '15MDSWE0590', 'NO', 20),
(1264, 17, 37, '15MDSWE0591', 'YES', 20),
(1265, 17, 37, '15MDSWE0592', 'YES', 20),
(1266, 17, 37, '15MDSWE0593', 'YES', 20),
(1267, 17, 37, '15MDSWE0594', 'YES', 20),
(1268, 17, 37, '15MDSWE0595', 'YES', 20),
(1269, 17, 37, '15MDSWE0596', 'YES', 20),
(1270, 17, 37, '15MDSWE0597', 'YES', 20),
(1271, 17, 37, '15MDSWE0598', 'YES', 20),
(1272, 17, 37, '15MDSWE0599', 'NO', 20),
(1273, 17, 37, '15MDSWE0600', 'YES', 20),
(1274, 17, 37, '15MDSWE0601', 'YES', 20),
(1275, 17, 37, '15MDSWE0603', 'YES', 20),
(1276, 17, 37, '15MDSWE0604', 'YES', 20),
(1277, 17, 38, '15MDSWE0549', 'YES', 20),
(1278, 17, 38, '15MDSWE0550', 'YES', 20),
(1279, 17, 38, '15MDSWE0551', 'YES', 20),
(1280, 17, 38, '15MDSWE0552', 'YES', 20),
(1281, 17, 38, '15MDSWE0553', 'YES', 20),
(1282, 17, 38, '15MDSWE0554', 'YES', 20),
(1283, 17, 38, '15MDSWE0555', 'YES', 20),
(1284, 17, 38, '15MDSWE0556', 'YES', 20),
(1285, 17, 38, '15MDSWE0557', 'YES', 20),
(1286, 17, 38, '15MDSWE0558', 'YES', 20),
(1287, 17, 38, '15MDSWE0559', 'YES', 20),
(1288, 17, 38, '15MDSWE0560', 'YES', 20),
(1289, 17, 38, '15MDSWE0561', 'YES', 20),
(1290, 17, 38, '15MDSWE0562', 'YES', 20),
(1291, 17, 38, '15MDSWE0563', 'YES', 20),
(1292, 17, 38, '15MDSWE0564', 'YES', 20),
(1293, 17, 38, '15MDSWE0565', 'YES', 20),
(1294, 17, 38, '15MDSWE0566', 'YES', 20),
(1295, 17, 38, '15MDSWE0567', 'YES', 20),
(1296, 17, 38, '15MDSWE0568', 'YES', 20),
(1297, 17, 38, '15MDSWE0569', 'YES', 20),
(1298, 17, 38, '15MDSWE0570', 'YES', 20),
(1299, 17, 38, '15MDSWE0571', 'NO', 20),
(1300, 17, 38, '15MDSWE0572', 'YES', 20),
(1301, 17, 38, '15MDSWE0573', 'YES', 20),
(1302, 17, 38, '15MDSWE0574', 'YES', 20),
(1303, 17, 38, '15MDSWE0575', 'YES', 20),
(1304, 17, 38, '15MDSWE0576', 'YES', 20),
(1305, 17, 38, '15MDSWE0577', 'YES', 20),
(1306, 17, 38, '15MDSWE0578', 'YES', 20),
(1307, 17, 38, '15MDSWE0579', 'YES', 20),
(1308, 17, 38, '15MDSWE0580', 'YES', 20),
(1309, 17, 38, '15MDSWE0581', 'YES', 20),
(1310, 17, 38, '15MDSWE0582', 'YES', 20);
INSERT INTO `clo_attainment` (`attainment_id`, `course_id`, `clo_id`, `std_regno`, `attainment_status`, `obtained_score`) VALUES
(1311, 17, 38, '15MDSWE0583', 'YES', 20),
(1312, 17, 38, '15MDSWE0584', 'YES', 20),
(1313, 17, 38, '15MDSWE0586', 'YES', 20),
(1314, 17, 38, '15MDSWE0587', 'YES', 20),
(1315, 17, 38, '15MDSWE0588', 'YES', 20),
(1316, 17, 38, '15MDSWE0589', 'YES', 20),
(1317, 17, 38, '15MDSWE0590', 'YES', 20),
(1318, 17, 38, '15MDSWE0591', 'YES', 20),
(1319, 17, 38, '15MDSWE0592', 'YES', 20),
(1320, 17, 38, '15MDSWE0593', 'YES', 20),
(1321, 17, 38, '15MDSWE0594', 'YES', 20),
(1322, 17, 38, '15MDSWE0595', 'YES', 20),
(1323, 17, 38, '15MDSWE0596', 'YES', 20),
(1324, 17, 38, '15MDSWE0597', 'YES', 20),
(1325, 17, 38, '15MDSWE0598', 'YES', 20),
(1326, 17, 38, '15MDSWE0599', 'YES', 20),
(1327, 17, 38, '15MDSWE0600', 'NO', 20),
(1328, 17, 38, '15MDSWE0601', 'YES', 20),
(1329, 17, 38, '15MDSWE0603', 'YES', 20),
(1330, 17, 38, '15MDSWE0604', 'YES', 20),
(1331, 8, 54, '17MDSWE0665', 'YES', 50),
(1332, 8, 54, '17MDSWE0666', 'YES', 50),
(1333, 8, 54, '17MDSWE0667', 'YES', 50),
(1334, 8, 54, '17MDSWE0668', 'YES', 50),
(1335, 8, 54, '17MDSWE0669', 'YES', 50),
(1336, 8, 54, '17MDSWE0671', 'YES', 50),
(1337, 8, 54, '17MDSWE0672', 'YES', 50),
(1338, 8, 54, '17MDSWE0673', 'YES', 50),
(1339, 8, 54, '17MDSWE0674', 'YES', 50),
(1340, 8, 54, '17MDSWE0675', 'YES', 50),
(1341, 8, 54, '17MDSWE0676', 'YES', 50),
(1342, 8, 54, '17MDSWE0677', 'YES', 50),
(1343, 8, 54, '17MDSWE0678', 'YES', 50),
(1344, 8, 54, '17MDSWE0679', 'YES', 50),
(1345, 8, 54, '17MDSWE0680', 'YES', 50),
(1346, 8, 54, '17MDSWE0681', 'YES', 50),
(1347, 8, 54, '17MDSWE0682', 'YES', 50),
(1348, 8, 54, '17MDSWE0683', 'YES', 50),
(1349, 8, 54, '17MDSWE0684', 'YES', 50),
(1350, 8, 54, '17MDSWE0685', 'YES', 50),
(1351, 8, 54, '17MDSWE0686', 'YES', 50),
(1352, 8, 54, '17MDSWE0687', 'YES', 50),
(1353, 8, 54, '17MDSWE0688', 'YES', 50),
(1354, 8, 54, '17MDSWE0689', 'YES', 50),
(1355, 8, 54, '17MDSWE0690', 'YES', 50),
(1356, 8, 54, '17MDSWE0691', 'YES', 50),
(1357, 8, 54, '17MDSWE0692', 'YES', 50),
(1358, 8, 54, '17MDSWE0693', 'YES', 50),
(1359, 8, 54, '17MDSWE0694', 'YES', 50),
(1360, 8, 54, '17MDSWE0696', 'YES', 50),
(1361, 8, 54, '17MDSWE0697', 'YES', 50),
(1362, 8, 54, '17MDSWE0698', 'YES', 50),
(1363, 8, 54, '17MDSWE0699', 'YES', 50),
(1364, 8, 54, '17MDSWE0700', 'YES', 50),
(1365, 8, 54, '17MDSWE0701', 'YES', 50),
(1366, 8, 54, '17MDSWE0702', 'YES', 50),
(1367, 8, 54, '17MDSWE0703', 'YES', 50),
(1368, 8, 54, '17MDSWE0704', 'YES', 50),
(1369, 8, 54, '17MDSWE0705', 'YES', 50),
(1370, 8, 54, '17MDSWE0706', 'YES', 50),
(1371, 8, 54, '17MDSWE0707', 'YES', 50),
(1372, 8, 54, '17MDSWE0708', 'YES', 50),
(1373, 8, 54, '17MDSWE0709', 'YES', 50),
(1374, 8, 54, '17MDSWE0710', 'YES', 50),
(1375, 8, 54, '17MDSWE0711', 'YES', 50),
(1376, 8, 54, '17MDSWE0712', 'YES', 50),
(1377, 8, 54, '17MDSWE0713', 'YES', 50),
(1378, 8, 55, '17MDSWE0665', 'YES', 50),
(1379, 8, 55, '17MDSWE0666', 'YES', 50),
(1380, 8, 55, '17MDSWE0667', 'YES', 50),
(1381, 8, 55, '17MDSWE0668', 'YES', 50),
(1382, 8, 55, '17MDSWE0669', 'YES', 50),
(1383, 8, 55, '17MDSWE0671', 'NO', 50),
(1384, 8, 55, '17MDSWE0672', 'YES', 50),
(1385, 8, 55, '17MDSWE0673', 'YES', 50),
(1386, 8, 55, '17MDSWE0674', 'YES', 50),
(1387, 8, 55, '17MDSWE0675', 'YES', 50),
(1388, 8, 55, '17MDSWE0676', 'YES', 50),
(1389, 8, 55, '17MDSWE0677', 'YES', 50),
(1390, 8, 55, '17MDSWE0678', 'YES', 50),
(1391, 8, 55, '17MDSWE0679', 'YES', 50),
(1392, 8, 55, '17MDSWE0680', 'YES', 50),
(1393, 8, 55, '17MDSWE0681', 'YES', 50),
(1394, 8, 55, '17MDSWE0682', 'YES', 50),
(1395, 8, 55, '17MDSWE0683', 'YES', 50),
(1396, 8, 55, '17MDSWE0684', 'NO', 50),
(1397, 8, 55, '17MDSWE0685', 'NO', 50),
(1398, 8, 55, '17MDSWE0686', 'NO', 50),
(1399, 8, 55, '17MDSWE0687', 'NO', 50),
(1400, 8, 55, '17MDSWE0688', 'YES', 50),
(1401, 8, 55, '17MDSWE0689', 'YES', 50),
(1402, 8, 55, '17MDSWE0690', 'YES', 50),
(1403, 8, 55, '17MDSWE0691', 'YES', 50),
(1404, 8, 55, '17MDSWE0692', 'YES', 50),
(1405, 8, 55, '17MDSWE0693', 'YES', 50),
(1406, 8, 55, '17MDSWE0694', 'YES', 50),
(1407, 8, 55, '17MDSWE0696', 'YES', 50),
(1408, 8, 55, '17MDSWE0697', 'YES', 50),
(1409, 8, 55, '17MDSWE0698', 'YES', 50),
(1410, 8, 55, '17MDSWE0699', 'NO', 50),
(1411, 8, 55, '17MDSWE0700', 'YES', 50),
(1412, 8, 55, '17MDSWE0701', 'YES', 50),
(1413, 8, 55, '17MDSWE0702', 'YES', 50),
(1414, 8, 55, '17MDSWE0703', 'YES', 50),
(1415, 8, 55, '17MDSWE0704', 'YES', 50),
(1416, 8, 55, '17MDSWE0705', 'NO', 50),
(1417, 8, 55, '17MDSWE0706', 'NO', 50),
(1418, 8, 55, '17MDSWE0707', 'YES', 50),
(1419, 8, 55, '17MDSWE0708', 'YES', 50),
(1420, 8, 55, '17MDSWE0709', 'NO', 50),
(1421, 8, 55, '17MDSWE0710', 'YES', 50),
(1422, 8, 55, '17MDSWE0711', 'YES', 50),
(1423, 8, 55, '17MDSWE0712', 'YES', 50),
(1424, 8, 55, '17MDSWE0713', 'YES', 50),
(1425, 8, 56, '17MDSWE0665', 'YES', 50),
(1426, 8, 56, '17MDSWE0666', 'YES', 50),
(1427, 8, 56, '17MDSWE0667', 'YES', 50),
(1428, 8, 56, '17MDSWE0668', 'YES', 50),
(1429, 8, 56, '17MDSWE0669', 'YES', 50),
(1430, 8, 56, '17MDSWE0671', 'YES', 50),
(1431, 8, 56, '17MDSWE0672', 'YES', 50),
(1432, 8, 56, '17MDSWE0673', 'YES', 50),
(1433, 8, 56, '17MDSWE0674', 'YES', 50),
(1434, 8, 56, '17MDSWE0675', 'YES', 50),
(1435, 8, 56, '17MDSWE0676', 'YES', 50),
(1436, 8, 56, '17MDSWE0677', 'YES', 50),
(1437, 8, 56, '17MDSWE0678', 'YES', 50),
(1438, 8, 56, '17MDSWE0679', 'YES', 50),
(1439, 8, 56, '17MDSWE0680', 'YES', 50),
(1440, 8, 56, '17MDSWE0681', 'YES', 50),
(1441, 8, 56, '17MDSWE0682', 'YES', 50),
(1442, 8, 56, '17MDSWE0683', 'YES', 50),
(1443, 8, 56, '17MDSWE0684', 'YES', 50),
(1444, 8, 56, '17MDSWE0685', 'YES', 50),
(1445, 8, 56, '17MDSWE0686', 'YES', 50),
(1446, 8, 56, '17MDSWE0687', 'YES', 50),
(1447, 8, 56, '17MDSWE0688', 'YES', 50),
(1448, 8, 56, '17MDSWE0689', 'YES', 50),
(1449, 8, 56, '17MDSWE0690', 'YES', 50),
(1450, 8, 56, '17MDSWE0691', 'YES', 50),
(1451, 8, 56, '17MDSWE0692', 'YES', 50),
(1452, 8, 56, '17MDSWE0693', 'YES', 50),
(1453, 8, 56, '17MDSWE0694', 'YES', 50),
(1454, 8, 56, '17MDSWE0696', 'YES', 50),
(1455, 8, 56, '17MDSWE0697', 'YES', 50),
(1456, 8, 56, '17MDSWE0698', 'YES', 50),
(1457, 8, 56, '17MDSWE0699', 'YES', 50),
(1458, 8, 56, '17MDSWE0700', 'YES', 50),
(1459, 8, 56, '17MDSWE0701', 'YES', 50),
(1460, 8, 56, '17MDSWE0702', 'YES', 50),
(1461, 8, 56, '17MDSWE0703', 'YES', 50),
(1462, 8, 56, '17MDSWE0704', 'YES', 50),
(1463, 8, 56, '17MDSWE0705', 'YES', 50),
(1464, 8, 56, '17MDSWE0706', 'YES', 50),
(1465, 8, 56, '17MDSWE0707', 'YES', 50),
(1466, 8, 56, '17MDSWE0708', 'YES', 50),
(1467, 8, 56, '17MDSWE0709', 'YES', 50),
(1468, 8, 56, '17MDSWE0710', 'YES', 50),
(1469, 8, 56, '17MDSWE0711', 'YES', 50),
(1470, 8, 56, '17MDSWE0712', 'YES', 50),
(1471, 8, 56, '17MDSWE0713', 'YES', 50),
(1472, 8, 57, '17MDSWE0665', 'YES', 50),
(1473, 8, 57, '17MDSWE0666', 'YES', 50),
(1474, 8, 57, '17MDSWE0667', 'YES', 50),
(1475, 8, 57, '17MDSWE0668', 'YES', 50),
(1476, 8, 57, '17MDSWE0669', 'YES', 50),
(1477, 8, 57, '17MDSWE0671', 'YES', 50),
(1478, 8, 57, '17MDSWE0672', 'YES', 50),
(1479, 8, 57, '17MDSWE0673', 'YES', 50),
(1480, 8, 57, '17MDSWE0674', 'YES', 50),
(1481, 8, 57, '17MDSWE0675', 'YES', 50),
(1482, 8, 57, '17MDSWE0676', 'YES', 50),
(1483, 8, 57, '17MDSWE0677', 'YES', 50),
(1484, 8, 57, '17MDSWE0678', 'YES', 50),
(1485, 8, 57, '17MDSWE0679', 'YES', 50),
(1486, 8, 57, '17MDSWE0680', 'YES', 50),
(1487, 8, 57, '17MDSWE0681', 'YES', 50),
(1488, 8, 57, '17MDSWE0682', 'YES', 50),
(1489, 8, 57, '17MDSWE0683', 'YES', 50),
(1490, 8, 57, '17MDSWE0684', 'YES', 50),
(1491, 8, 57, '17MDSWE0685', 'YES', 50),
(1492, 8, 57, '17MDSWE0686', 'YES', 50),
(1493, 8, 57, '17MDSWE0687', 'YES', 50),
(1494, 8, 57, '17MDSWE0688', 'YES', 50),
(1495, 8, 57, '17MDSWE0689', 'YES', 50),
(1496, 8, 57, '17MDSWE0690', 'YES', 50),
(1497, 8, 57, '17MDSWE0691', 'YES', 50),
(1498, 8, 57, '17MDSWE0692', 'YES', 50),
(1499, 8, 57, '17MDSWE0693', 'YES', 50),
(1500, 8, 57, '17MDSWE0694', 'YES', 50),
(1501, 8, 57, '17MDSWE0696', 'YES', 50),
(1502, 8, 57, '17MDSWE0697', 'YES', 50),
(1503, 8, 57, '17MDSWE0698', 'YES', 50),
(1504, 8, 57, '17MDSWE0699', 'YES', 50),
(1505, 8, 57, '17MDSWE0700', 'YES', 50),
(1506, 8, 57, '17MDSWE0701', 'YES', 50),
(1507, 8, 57, '17MDSWE0702', 'YES', 50),
(1508, 8, 57, '17MDSWE0703', 'YES', 50),
(1509, 8, 57, '17MDSWE0704', 'YES', 50),
(1510, 8, 57, '17MDSWE0705', 'YES', 50),
(1511, 8, 57, '17MDSWE0706', 'YES', 50),
(1512, 8, 57, '17MDSWE0707', 'YES', 50),
(1513, 8, 57, '17MDSWE0708', 'YES', 50),
(1514, 8, 57, '17MDSWE0709', 'YES', 50),
(1515, 8, 57, '17MDSWE0710', 'YES', 50),
(1516, 8, 57, '17MDSWE0711', 'YES', 50),
(1517, 8, 57, '17MDSWE0712', 'YES', 50),
(1518, 8, 57, '17MDSWE0713', 'YES', 50),
(1519, 12, 58, '16MDSWE0605', 'YES', 50),
(1520, 12, 58, '16MDSWE0606', 'YES', 50),
(1521, 12, 58, '16MDSWE0607', 'YES', 50),
(1522, 12, 58, '16MDSWE0608', 'YES', 50),
(1523, 12, 58, '16MDSWE0609', 'YES', 50),
(1524, 12, 58, '16MDSWE0610', 'YES', 50),
(1525, 12, 58, '16MDSWE0611', 'YES', 50),
(1526, 12, 58, '16MDSWE0612', 'YES', 50),
(1527, 12, 58, '16MDSWE0614', 'YES', 50),
(1528, 12, 58, '16MDSWE0615', 'YES', 50),
(1529, 12, 58, '16MDSWE0616', 'YES', 50),
(1530, 12, 58, '16MDSWE0617', 'YES', 50),
(1531, 12, 58, '16MDSWE0618', 'YES', 50),
(1532, 12, 58, '16MDSWE0619', 'YES', 50),
(1533, 12, 58, '16MDSWE0620', 'YES', 50),
(1534, 12, 58, '16MDSWE0621', 'YES', 50),
(1535, 12, 58, '16MDSWE0622', 'YES', 50),
(1536, 12, 58, '16MDSWE0623', 'YES', 50),
(1537, 12, 58, '16MDSWE0624', 'YES', 50),
(1538, 12, 58, '16MDSWE0626', 'YES', 50),
(1539, 12, 58, '16MDSWE0627', 'YES', 50),
(1540, 12, 58, '16MDSWE0628', 'YES', 50),
(1541, 12, 58, '16MDSWE0629', 'YES', 50),
(1542, 12, 58, '16MDSWE0630', 'YES', 50),
(1543, 12, 58, '16MDSWE0631', 'YES', 50),
(1544, 12, 58, '16MDSWE0632', 'YES', 50),
(1545, 12, 58, '16MDSWE0633', 'YES', 50),
(1546, 12, 58, '16MDSWE0634', 'YES', 50),
(1547, 12, 58, '16MDSWE0635', 'YES', 50),
(1548, 12, 58, '16MDSWE0636', 'YES', 50),
(1549, 12, 58, '16MDSWE0638', 'YES', 50),
(1550, 12, 58, '16MDSWE0639', 'YES', 50),
(1551, 12, 58, '16MDSWE0640', 'YES', 50),
(1552, 12, 58, '16MDSWE0641', 'YES', 50),
(1553, 12, 58, '16MDSWE0642', 'YES', 50),
(1554, 12, 58, '16MDSWE0643', 'YES', 50),
(1555, 12, 58, '16MDSWE0644', 'YES', 50),
(1556, 12, 58, '16MDSWE0645', 'YES', 50),
(1557, 12, 58, '16MDSWE0646', 'YES', 50),
(1558, 12, 58, '16MDSWE0647', 'YES', 50),
(1559, 12, 58, '16MDSWE0648', 'YES', 50),
(1560, 12, 58, '16MDSWE0649', 'YES', 50),
(1561, 12, 58, '16MDSWE0650', 'YES', 50),
(1562, 12, 58, '16MDSWE0651', 'YES', 50),
(1563, 12, 58, '16MDSWE0652', 'YES', 50),
(1564, 12, 58, '16MDSWE0653', 'YES', 50),
(1565, 12, 58, '16MDSWE0654', 'YES', 50),
(1566, 12, 58, '16MDSWE0655', 'YES', 50),
(1567, 12, 58, '16MDSWE0656', 'YES', 50),
(1568, 12, 58, '16MDSWE0657', 'YES', 50),
(1569, 12, 58, '16MDSWE0658', 'YES', 50),
(1570, 12, 58, '16MDSWE0659', 'YES', 50),
(1571, 12, 58, '16MDSWE0660', 'YES', 50),
(1572, 12, 58, '16MDSWE0662', 'YES', 50),
(1573, 12, 58, '16MDSWE0663', 'YES', 50),
(1574, 12, 58, '16MDSWE0664', 'YES', 50),
(1575, 12, 59, '16MDSWE0605', 'YES', 50),
(1576, 12, 59, '16MDSWE0606', 'YES', 50),
(1577, 12, 59, '16MDSWE0607', 'YES', 50),
(1578, 12, 59, '16MDSWE0608', 'YES', 50),
(1579, 12, 59, '16MDSWE0609', 'YES', 50),
(1580, 12, 59, '16MDSWE0610', 'YES', 50),
(1581, 12, 59, '16MDSWE0611', 'YES', 50),
(1582, 12, 59, '16MDSWE0612', 'YES', 50),
(1583, 12, 59, '16MDSWE0614', 'YES', 50),
(1584, 12, 59, '16MDSWE0615', 'YES', 50),
(1585, 12, 59, '16MDSWE0616', 'YES', 50),
(1586, 12, 59, '16MDSWE0617', 'YES', 50),
(1587, 12, 59, '16MDSWE0618', 'YES', 50),
(1588, 12, 59, '16MDSWE0619', 'YES', 50),
(1589, 12, 59, '16MDSWE0620', 'YES', 50),
(1590, 12, 59, '16MDSWE0621', 'YES', 50),
(1591, 12, 59, '16MDSWE0622', 'YES', 50),
(1592, 12, 59, '16MDSWE0623', 'YES', 50),
(1593, 12, 59, '16MDSWE0624', 'YES', 50),
(1594, 12, 59, '16MDSWE0626', 'YES', 50),
(1595, 12, 59, '16MDSWE0627', 'YES', 50),
(1596, 12, 59, '16MDSWE0628', 'YES', 50),
(1597, 12, 59, '16MDSWE0629', 'YES', 50),
(1598, 12, 59, '16MDSWE0630', 'YES', 50),
(1599, 12, 59, '16MDSWE0631', 'YES', 50),
(1600, 12, 59, '16MDSWE0632', 'YES', 50),
(1601, 12, 59, '16MDSWE0633', 'YES', 50),
(1602, 12, 59, '16MDSWE0634', 'YES', 50),
(1603, 12, 59, '16MDSWE0635', 'YES', 50),
(1604, 12, 59, '16MDSWE0636', 'YES', 50),
(1605, 12, 59, '16MDSWE0638', 'YES', 50),
(1606, 12, 59, '16MDSWE0639', 'YES', 50),
(1607, 12, 59, '16MDSWE0640', 'YES', 50),
(1608, 12, 59, '16MDSWE0641', 'YES', 50),
(1609, 12, 59, '16MDSWE0642', 'YES', 50),
(1610, 12, 59, '16MDSWE0643', 'YES', 50),
(1611, 12, 59, '16MDSWE0644', 'YES', 50),
(1612, 12, 59, '16MDSWE0645', 'YES', 50),
(1613, 12, 59, '16MDSWE0646', 'YES', 50),
(1614, 12, 59, '16MDSWE0647', 'YES', 50),
(1615, 12, 59, '16MDSWE0648', 'YES', 50),
(1616, 12, 59, '16MDSWE0649', 'YES', 50),
(1617, 12, 59, '16MDSWE0650', 'YES', 50),
(1618, 12, 59, '16MDSWE0651', 'YES', 50),
(1619, 12, 59, '16MDSWE0652', 'YES', 50),
(1620, 12, 59, '16MDSWE0653', 'YES', 50),
(1621, 12, 59, '16MDSWE0654', 'YES', 50),
(1622, 12, 59, '16MDSWE0655', 'YES', 50),
(1623, 12, 59, '16MDSWE0656', 'YES', 50),
(1624, 12, 59, '16MDSWE0657', 'YES', 50),
(1625, 12, 59, '16MDSWE0658', 'YES', 50),
(1626, 12, 59, '16MDSWE0659', 'YES', 50),
(1627, 12, 59, '16MDSWE0660', 'YES', 50),
(1628, 12, 59, '16MDSWE0662', 'YES', 50),
(1629, 12, 59, '16MDSWE0663', 'YES', 50),
(1630, 12, 59, '16MDSWE0664', 'YES', 50),
(1631, 12, 60, '16MDSWE0605', 'YES', 50),
(1632, 12, 60, '16MDSWE0606', 'YES', 50),
(1633, 12, 60, '16MDSWE0607', 'YES', 50),
(1634, 12, 60, '16MDSWE0608', 'YES', 50),
(1635, 12, 60, '16MDSWE0609', 'YES', 50),
(1636, 12, 60, '16MDSWE0610', 'YES', 50),
(1637, 12, 60, '16MDSWE0611', 'YES', 50),
(1638, 12, 60, '16MDSWE0612', 'YES', 50),
(1639, 12, 60, '16MDSWE0614', 'YES', 50),
(1640, 12, 60, '16MDSWE0615', 'YES', 50),
(1641, 12, 60, '16MDSWE0616', 'YES', 50),
(1642, 12, 60, '16MDSWE0617', 'YES', 50),
(1643, 12, 60, '16MDSWE0618', 'YES', 50),
(1644, 12, 60, '16MDSWE0619', 'YES', 50),
(1645, 12, 60, '16MDSWE0620', 'YES', 50),
(1646, 12, 60, '16MDSWE0621', 'YES', 50),
(1647, 12, 60, '16MDSWE0622', 'YES', 50),
(1648, 12, 60, '16MDSWE0623', 'YES', 50),
(1649, 12, 60, '16MDSWE0624', 'YES', 50),
(1650, 12, 60, '16MDSWE0626', 'YES', 50),
(1651, 12, 60, '16MDSWE0627', 'YES', 50),
(1652, 12, 60, '16MDSWE0628', 'YES', 50),
(1653, 12, 60, '16MDSWE0629', 'YES', 50),
(1654, 12, 60, '16MDSWE0630', 'YES', 50),
(1655, 12, 60, '16MDSWE0631', 'YES', 50),
(1656, 12, 60, '16MDSWE0632', 'YES', 50),
(1657, 12, 60, '16MDSWE0633', 'YES', 50),
(1658, 12, 60, '16MDSWE0634', 'YES', 50),
(1659, 12, 60, '16MDSWE0635', 'YES', 50),
(1660, 12, 60, '16MDSWE0636', 'YES', 50),
(1661, 12, 60, '16MDSWE0638', 'YES', 50),
(1662, 12, 60, '16MDSWE0639', 'YES', 50),
(1663, 12, 60, '16MDSWE0640', 'YES', 50),
(1664, 12, 60, '16MDSWE0641', 'YES', 50),
(1665, 12, 60, '16MDSWE0642', 'YES', 50),
(1666, 12, 60, '16MDSWE0643', 'YES', 50),
(1667, 12, 60, '16MDSWE0644', 'YES', 50),
(1668, 12, 60, '16MDSWE0645', 'YES', 50),
(1669, 12, 60, '16MDSWE0646', 'YES', 50),
(1670, 12, 60, '16MDSWE0647', 'YES', 50),
(1671, 12, 60, '16MDSWE0648', 'YES', 50),
(1672, 12, 60, '16MDSWE0649', 'YES', 50),
(1673, 12, 60, '16MDSWE0650', 'YES', 50),
(1674, 12, 60, '16MDSWE0651', 'YES', 50),
(1675, 12, 60, '16MDSWE0652', 'YES', 50),
(1676, 12, 60, '16MDSWE0653', 'YES', 50),
(1677, 12, 60, '16MDSWE0654', 'YES', 50),
(1678, 12, 60, '16MDSWE0655', 'YES', 50),
(1679, 12, 60, '16MDSWE0656', 'YES', 50),
(1680, 12, 60, '16MDSWE0657', 'YES', 50),
(1681, 12, 60, '16MDSWE0658', 'YES', 50),
(1682, 12, 60, '16MDSWE0659', 'YES', 50),
(1683, 12, 60, '16MDSWE0660', 'YES', 50),
(1684, 12, 60, '16MDSWE0662', 'YES', 50),
(1685, 12, 60, '16MDSWE0663', 'YES', 50),
(1686, 12, 60, '16MDSWE0664', 'YES', 50),
(1687, 12, 61, '16MDSWE0605', 'YES', 50),
(1688, 12, 61, '16MDSWE0606', 'YES', 50),
(1689, 12, 61, '16MDSWE0607', 'YES', 50),
(1690, 12, 61, '16MDSWE0608', 'YES', 50),
(1691, 12, 61, '16MDSWE0609', 'YES', 50),
(1692, 12, 61, '16MDSWE0610', 'YES', 50),
(1693, 12, 61, '16MDSWE0611', 'YES', 50),
(1694, 12, 61, '16MDSWE0612', 'YES', 50),
(1695, 12, 61, '16MDSWE0614', 'YES', 50),
(1696, 12, 61, '16MDSWE0615', 'YES', 50),
(1697, 12, 61, '16MDSWE0616', 'YES', 50),
(1698, 12, 61, '16MDSWE0617', 'YES', 50),
(1699, 12, 61, '16MDSWE0618', 'YES', 50),
(1700, 12, 61, '16MDSWE0619', 'YES', 50),
(1701, 12, 61, '16MDSWE0620', 'YES', 50),
(1702, 12, 61, '16MDSWE0621', 'YES', 50),
(1703, 12, 61, '16MDSWE0622', 'YES', 50),
(1704, 12, 61, '16MDSWE0623', 'YES', 50),
(1705, 12, 61, '16MDSWE0624', 'YES', 50),
(1706, 12, 61, '16MDSWE0626', 'YES', 50),
(1707, 12, 61, '16MDSWE0627', 'YES', 50),
(1708, 12, 61, '16MDSWE0628', 'YES', 50),
(1709, 12, 61, '16MDSWE0629', 'YES', 50),
(1710, 12, 61, '16MDSWE0630', 'YES', 50),
(1711, 12, 61, '16MDSWE0631', 'YES', 50),
(1712, 12, 61, '16MDSWE0632', 'YES', 50),
(1713, 12, 61, '16MDSWE0633', 'YES', 50),
(1714, 12, 61, '16MDSWE0634', 'YES', 50),
(1715, 12, 61, '16MDSWE0635', 'YES', 50),
(1716, 12, 61, '16MDSWE0636', 'YES', 50),
(1717, 12, 61, '16MDSWE0638', 'YES', 50),
(1718, 12, 61, '16MDSWE0639', 'YES', 50),
(1719, 12, 61, '16MDSWE0640', 'YES', 50),
(1720, 12, 61, '16MDSWE0641', 'YES', 50),
(1721, 12, 61, '16MDSWE0642', 'YES', 50),
(1722, 12, 61, '16MDSWE0643', 'YES', 50),
(1723, 12, 61, '16MDSWE0644', 'YES', 50),
(1724, 12, 61, '16MDSWE0645', 'YES', 50),
(1725, 12, 61, '16MDSWE0646', 'YES', 50),
(1726, 12, 61, '16MDSWE0647', 'YES', 50),
(1727, 12, 61, '16MDSWE0648', 'YES', 50),
(1728, 12, 61, '16MDSWE0649', 'YES', 50),
(1729, 12, 61, '16MDSWE0650', 'YES', 50),
(1730, 12, 61, '16MDSWE0651', 'YES', 50),
(1731, 12, 61, '16MDSWE0652', 'YES', 50),
(1732, 12, 61, '16MDSWE0653', 'YES', 50),
(1733, 12, 61, '16MDSWE0654', 'YES', 50),
(1734, 12, 61, '16MDSWE0655', 'YES', 50),
(1735, 12, 61, '16MDSWE0656', 'YES', 50),
(1736, 12, 61, '16MDSWE0657', 'YES', 50),
(1737, 12, 61, '16MDSWE0658', 'YES', 50),
(1738, 12, 61, '16MDSWE0659', 'YES', 50),
(1739, 12, 61, '16MDSWE0660', 'YES', 50),
(1740, 12, 61, '16MDSWE0662', 'YES', 50),
(1741, 12, 61, '16MDSWE0663', 'YES', 50),
(1742, 12, 61, '16MDSWE0664', 'YES', 50),
(1743, 2, 10, '18MDSWE001', 'YES', 20),
(1744, 2, 10, '18MDSWE002', 'YES', 20),
(1745, 2, 10, '18MDSWE003', 'YES', 20),
(1746, 2, 10, '18MDSWE004', 'YES', 20),
(1747, 2, 10, '18MDSWE005', 'NO', 20),
(1748, 2, 10, '18MDSWE006', 'YES', 20),
(1749, 2, 10, '18MDSWE007', 'NO', 20),
(1750, 2, 10, '18MDSWE008', 'YES', 20),
(1751, 2, 10, '18MDSWE009', 'YES', 20),
(1752, 2, 10, '18MDSWE010', 'YES', 20),
(1753, 2, 10, '18MDSWE011', 'YES', 20),
(1754, 2, 10, '18MDSWE012', 'YES', 20),
(1755, 2, 10, '18MDSWE013', 'YES', 20),
(1756, 2, 10, '18MDSWE014', 'YES', 20),
(1757, 2, 10, '18MDSWE015', 'YES', 20),
(1758, 2, 10, '18MDSWE016', 'YES', 20),
(1759, 2, 10, '18MDSWE017', 'YES', 20),
(1760, 2, 10, '18MDSWE018', 'NO', 20),
(1761, 2, 10, '18MDSWE019', 'YES', 20),
(1762, 2, 10, '18MDSWE020', 'YES', 20),
(1763, 2, 10, '18MDSWE021', 'YES', 20),
(1764, 2, 10, '18MDSWE022', 'YES', 20),
(1765, 2, 10, '18MDSWE023', 'NO', 20),
(1766, 2, 10, '18MDSWE024', 'YES', 20),
(1767, 2, 10, '18MDSWE025', 'NO', 20),
(1768, 2, 10, '18MDSWE026', 'NO', 20),
(1769, 2, 10, '18MDSWE027', 'YES', 20),
(1770, 2, 10, '18MDSWE028', 'NO', 20),
(1771, 2, 10, '18MDSWE029', 'NO', 20),
(1772, 2, 10, '18MDSWE030', 'YES', 20),
(1773, 2, 10, '18MDSWE031', 'YES', 20),
(1774, 2, 10, '18MDSWE032', 'NO', 20),
(1775, 2, 10, '18MDSWE033', 'YES', 20),
(1776, 2, 10, '18MDSWE034', 'NO', 20),
(1777, 2, 10, '18MDSWE035', 'YES', 20),
(1778, 2, 10, '18MDSWE036', 'NO', 20),
(1779, 2, 10, '18MDSWE037', 'YES', 20),
(1780, 2, 10, '18MDSWE038', 'YES', 20),
(1781, 2, 10, '18MDSWE039', 'NO', 20),
(1782, 2, 10, '18MDSWE040', 'YES', 20),
(1783, 2, 10, '18MDSWE041', 'NO', 20),
(1784, 2, 10, '18MDSWE042', 'NO', 20),
(1785, 2, 10, '18MDSWE043', 'NO', 20),
(1786, 2, 10, '18MDSWE044', 'YES', 20),
(1787, 2, 10, '18MDSWE045', 'NO', 20),
(1788, 2, 10, '18MDSWE046', 'NO', 20),
(1789, 2, 24, '18MDSWE001', 'YES', 20),
(1790, 2, 24, '18MDSWE002', 'YES', 20),
(1791, 2, 24, '18MDSWE003', 'YES', 20),
(1792, 2, 24, '18MDSWE004', 'YES', 20),
(1793, 2, 24, '18MDSWE005', 'NO', 20),
(1794, 2, 24, '18MDSWE006', 'NO', 20),
(1795, 2, 24, '18MDSWE007', 'YES', 20),
(1796, 2, 24, '18MDSWE008', 'YES', 20),
(1797, 2, 24, '18MDSWE009', 'YES', 20),
(1798, 2, 24, '18MDSWE010', 'NO', 20),
(1799, 2, 24, '18MDSWE011', 'YES', 20),
(1800, 2, 24, '18MDSWE012', 'YES', 20),
(1801, 2, 24, '18MDSWE013', 'YES', 20),
(1802, 2, 24, '18MDSWE014', 'YES', 20),
(1803, 2, 24, '18MDSWE015', 'YES', 20),
(1804, 2, 24, '18MDSWE016', 'YES', 20),
(1805, 2, 24, '18MDSWE017', 'YES', 20),
(1806, 2, 24, '18MDSWE018', 'YES', 20),
(1807, 2, 24, '18MDSWE019', 'YES', 20),
(1808, 2, 24, '18MDSWE020', 'YES', 20),
(1809, 2, 24, '18MDSWE021', 'YES', 20),
(1810, 2, 24, '18MDSWE022', 'YES', 20),
(1811, 2, 24, '18MDSWE023', 'YES', 20),
(1812, 2, 24, '18MDSWE024', 'YES', 20),
(1813, 2, 24, '18MDSWE025', 'NO', 20),
(1814, 2, 24, '18MDSWE026', 'NO', 20),
(1815, 2, 24, '18MDSWE027', 'YES', 20),
(1816, 2, 24, '18MDSWE028', 'NO', 20),
(1817, 2, 24, '18MDSWE029', 'YES', 20),
(1818, 2, 24, '18MDSWE030', 'YES', 20),
(1819, 2, 24, '18MDSWE031', 'YES', 20),
(1820, 2, 24, '18MDSWE032', 'NO', 20),
(1821, 2, 24, '18MDSWE033', 'YES', 20),
(1822, 2, 24, '18MDSWE034', 'NO', 20),
(1823, 2, 24, '18MDSWE035', 'NO', 20),
(1824, 2, 24, '18MDSWE036', 'YES', 20),
(1825, 2, 24, '18MDSWE037', 'YES', 20),
(1826, 2, 24, '18MDSWE038', 'YES', 20),
(1827, 2, 24, '18MDSWE039', 'YES', 20),
(1828, 2, 24, '18MDSWE040', 'YES', 20),
(1829, 2, 24, '18MDSWE041', 'YES', 20),
(1830, 2, 24, '18MDSWE042', 'YES', 20),
(1831, 2, 24, '18MDSWE043', 'YES', 20),
(1832, 2, 24, '18MDSWE044', 'YES', 20),
(1833, 2, 24, '18MDSWE045', 'YES', 20),
(1834, 2, 24, '18MDSWE046', 'YES', 20),
(1835, 2, 25, '18MDSWE001', 'YES', 20),
(1836, 2, 25, '18MDSWE002', 'YES', 20),
(1837, 2, 25, '18MDSWE003', 'YES', 20),
(1838, 2, 25, '18MDSWE004', 'YES', 20),
(1839, 2, 25, '18MDSWE005', 'YES', 20),
(1840, 2, 25, '18MDSWE006', 'YES', 20),
(1841, 2, 25, '18MDSWE007', 'YES', 20),
(1842, 2, 25, '18MDSWE008', 'YES', 20),
(1843, 2, 25, '18MDSWE009', 'YES', 20),
(1844, 2, 25, '18MDSWE010', 'YES', 20),
(1845, 2, 25, '18MDSWE011', 'YES', 20),
(1846, 2, 25, '18MDSWE012', 'YES', 20),
(1847, 2, 25, '18MDSWE013', 'YES', 20),
(1848, 2, 25, '18MDSWE014', 'YES', 20),
(1849, 2, 25, '18MDSWE015', 'YES', 20),
(1850, 2, 25, '18MDSWE016', 'YES', 20),
(1851, 2, 25, '18MDSWE017', 'YES', 20),
(1852, 2, 25, '18MDSWE018', 'YES', 20),
(1853, 2, 25, '18MDSWE019', 'YES', 20),
(1854, 2, 25, '18MDSWE020', 'YES', 20),
(1855, 2, 25, '18MDSWE021', 'YES', 20),
(1856, 2, 25, '18MDSWE022', 'YES', 20),
(1857, 2, 25, '18MDSWE023', 'YES', 20),
(1858, 2, 25, '18MDSWE024', 'YES', 20),
(1859, 2, 25, '18MDSWE025', 'YES', 20),
(1860, 2, 25, '18MDSWE026', 'NO', 20),
(1861, 2, 25, '18MDSWE027', 'YES', 20),
(1862, 2, 25, '18MDSWE028', 'NO', 20),
(1863, 2, 25, '18MDSWE029', 'YES', 20),
(1864, 2, 25, '18MDSWE030', 'YES', 20),
(1865, 2, 25, '18MDSWE031', 'YES', 20),
(1866, 2, 25, '18MDSWE032', 'YES', 20),
(1867, 2, 25, '18MDSWE033', 'YES', 20),
(1868, 2, 25, '18MDSWE034', 'YES', 20),
(1869, 2, 25, '18MDSWE035', 'YES', 20),
(1870, 2, 25, '18MDSWE036', 'YES', 20),
(1871, 2, 25, '18MDSWE037', 'YES', 20),
(1872, 2, 25, '18MDSWE038', 'YES', 20),
(1873, 2, 25, '18MDSWE039', 'YES', 20),
(1874, 2, 25, '18MDSWE040', 'YES', 20),
(1875, 2, 25, '18MDSWE041', 'YES', 20),
(1876, 2, 25, '18MDSWE042', 'YES', 20),
(1877, 2, 25, '18MDSWE043', 'NO', 20),
(1878, 2, 25, '18MDSWE044', 'YES', 20),
(1879, 2, 25, '18MDSWE045', 'YES', 20),
(1880, 2, 25, '18MDSWE046', 'YES', 20),
(1881, 16, 51, '15MDSWE0549', 'YES', 50),
(1882, 16, 51, '15MDSWE0550', 'YES', 50),
(1883, 16, 51, '15MDSWE0551', 'YES', 50),
(1884, 16, 51, '15MDSWE0552', 'YES', 50),
(1885, 16, 51, '15MDSWE0553', 'YES', 50),
(1886, 16, 51, '15MDSWE0554', 'YES', 50),
(1887, 16, 51, '15MDSWE0555', 'YES', 50),
(1888, 16, 51, '15MDSWE0556', 'YES', 50),
(1889, 16, 51, '15MDSWE0557', 'YES', 50),
(1890, 16, 51, '15MDSWE0558', 'YES', 50),
(1891, 16, 51, '15MDSWE0559', 'YES', 50),
(1892, 16, 51, '15MDSWE0560', 'YES', 50),
(1893, 16, 51, '15MDSWE0561', 'YES', 50),
(1894, 16, 51, '15MDSWE0562', 'YES', 50),
(1895, 16, 51, '15MDSWE0563', 'YES', 50),
(1896, 16, 51, '15MDSWE0564', 'YES', 50),
(1897, 16, 51, '15MDSWE0565', 'YES', 50),
(1898, 16, 51, '15MDSWE0566', 'YES', 50),
(1899, 16, 51, '15MDSWE0567', 'YES', 50),
(1900, 16, 51, '15MDSWE0568', 'YES', 50),
(1901, 16, 51, '15MDSWE0569', 'YES', 50),
(1902, 16, 51, '15MDSWE0570', 'YES', 50),
(1903, 16, 51, '15MDSWE0571', 'YES', 50),
(1904, 16, 51, '15MDSWE0572', 'YES', 50),
(1905, 16, 51, '15MDSWE0573', 'YES', 50),
(1906, 16, 51, '15MDSWE0574', 'YES', 50),
(1907, 16, 51, '15MDSWE0575', 'YES', 50),
(1908, 16, 51, '15MDSWE0576', 'YES', 50),
(1909, 16, 51, '15MDSWE0577', 'YES', 50),
(1910, 16, 51, '15MDSWE0578', 'YES', 50),
(1911, 16, 51, '15MDSWE0579', 'YES', 50),
(1912, 16, 51, '15MDSWE0580', 'YES', 50),
(1913, 16, 51, '15MDSWE0581', 'YES', 50),
(1914, 16, 51, '15MDSWE0582', 'YES', 50),
(1915, 16, 51, '15MDSWE0583', 'YES', 50),
(1916, 16, 51, '15MDSWE0584', 'YES', 50),
(1917, 16, 51, '15MDSWE0586', 'YES', 50),
(1918, 16, 51, '15MDSWE0587', 'YES', 50),
(1919, 16, 51, '15MDSWE0588', 'YES', 50),
(1920, 16, 51, '15MDSWE0589', 'YES', 50),
(1921, 16, 51, '15MDSWE0590', 'YES', 50),
(1922, 16, 51, '15MDSWE0591', 'YES', 50),
(1923, 16, 51, '15MDSWE0592', 'YES', 50),
(1924, 16, 51, '15MDSWE0593', 'YES', 50),
(1925, 16, 51, '15MDSWE0594', 'YES', 50),
(1926, 16, 51, '15MDSWE0595', 'YES', 50),
(1927, 16, 51, '15MDSWE0596', 'YES', 50),
(1928, 16, 51, '15MDSWE0597', 'YES', 50),
(1929, 16, 51, '15MDSWE0598', 'YES', 50),
(1930, 16, 51, '15MDSWE0599', 'YES', 50),
(1931, 16, 51, '15MDSWE0600', 'YES', 50),
(1932, 16, 51, '15MDSWE0601', 'YES', 50),
(1933, 16, 51, '15MDSWE0603', 'YES', 50),
(1934, 16, 51, '15MDSWE0604', 'YES', 50),
(1935, 16, 52, '15MDSWE0549', 'YES', 50),
(1936, 16, 52, '15MDSWE0550', 'YES', 50),
(1937, 16, 52, '15MDSWE0551', 'YES', 50),
(1938, 16, 52, '15MDSWE0552', 'YES', 50),
(1939, 16, 52, '15MDSWE0553', 'YES', 50),
(1940, 16, 52, '15MDSWE0554', 'YES', 50),
(1941, 16, 52, '15MDSWE0555', 'YES', 50),
(1942, 16, 52, '15MDSWE0556', 'YES', 50),
(1943, 16, 52, '15MDSWE0557', 'YES', 50),
(1944, 16, 52, '15MDSWE0558', 'YES', 50),
(1945, 16, 52, '15MDSWE0559', 'YES', 50),
(1946, 16, 52, '15MDSWE0560', 'YES', 50),
(1947, 16, 52, '15MDSWE0561', 'YES', 50),
(1948, 16, 52, '15MDSWE0562', 'YES', 50),
(1949, 16, 52, '15MDSWE0563', 'YES', 50),
(1950, 16, 52, '15MDSWE0564', 'YES', 50),
(1951, 16, 52, '15MDSWE0565', 'YES', 50),
(1952, 16, 52, '15MDSWE0566', 'YES', 50),
(1953, 16, 52, '15MDSWE0567', 'YES', 50),
(1954, 16, 52, '15MDSWE0568', 'YES', 50),
(1955, 16, 52, '15MDSWE0569', 'YES', 50),
(1956, 16, 52, '15MDSWE0570', 'YES', 50),
(1957, 16, 52, '15MDSWE0571', 'YES', 50),
(1958, 16, 52, '15MDSWE0572', 'YES', 50),
(1959, 16, 52, '15MDSWE0573', 'YES', 50),
(1960, 16, 52, '15MDSWE0574', 'YES', 50),
(1961, 16, 52, '15MDSWE0575', 'YES', 50),
(1962, 16, 52, '15MDSWE0576', 'YES', 50),
(1963, 16, 52, '15MDSWE0577', 'YES', 50),
(1964, 16, 52, '15MDSWE0578', 'YES', 50),
(1965, 16, 52, '15MDSWE0579', 'YES', 50),
(1966, 16, 52, '15MDSWE0580', 'YES', 50),
(1967, 16, 52, '15MDSWE0581', 'YES', 50),
(1968, 16, 52, '15MDSWE0582', 'YES', 50),
(1969, 16, 52, '15MDSWE0583', 'YES', 50),
(1970, 16, 52, '15MDSWE0584', 'YES', 50),
(1971, 16, 52, '15MDSWE0586', 'YES', 50),
(1972, 16, 52, '15MDSWE0587', 'YES', 50),
(1973, 16, 52, '15MDSWE0588', 'NO', 50),
(1974, 16, 52, '15MDSWE0589', 'YES', 50),
(1975, 16, 52, '15MDSWE0590', 'YES', 50),
(1976, 16, 52, '15MDSWE0591', 'YES', 50),
(1977, 16, 52, '15MDSWE0592', 'YES', 50),
(1978, 16, 52, '15MDSWE0593', 'YES', 50),
(1979, 16, 52, '15MDSWE0594', 'YES', 50),
(1980, 16, 52, '15MDSWE0595', 'YES', 50),
(1981, 16, 52, '15MDSWE0596', 'YES', 50),
(1982, 16, 52, '15MDSWE0597', 'YES', 50),
(1983, 16, 52, '15MDSWE0598', 'YES', 50),
(1984, 16, 52, '15MDSWE0599', 'YES', 50),
(1985, 16, 52, '15MDSWE0600', 'YES', 50),
(1986, 16, 52, '15MDSWE0601', 'YES', 50),
(1987, 16, 52, '15MDSWE0603', 'YES', 50),
(1988, 16, 52, '15MDSWE0604', 'YES', 50),
(1989, 16, 53, '15MDSWE0549', 'YES', 50),
(1990, 16, 53, '15MDSWE0550', 'YES', 50),
(1991, 16, 53, '15MDSWE0551', 'YES', 50),
(1992, 16, 53, '15MDSWE0552', 'YES', 50),
(1993, 16, 53, '15MDSWE0553', 'YES', 50),
(1994, 16, 53, '15MDSWE0554', 'YES', 50),
(1995, 16, 53, '15MDSWE0555', 'YES', 50),
(1996, 16, 53, '15MDSWE0556', 'YES', 50),
(1997, 16, 53, '15MDSWE0557', 'YES', 50),
(1998, 16, 53, '15MDSWE0558', 'YES', 50),
(1999, 16, 53, '15MDSWE0559', 'YES', 50),
(2000, 16, 53, '15MDSWE0560', 'YES', 50),
(2001, 16, 53, '15MDSWE0561', 'YES', 50),
(2002, 16, 53, '15MDSWE0562', 'YES', 50),
(2003, 16, 53, '15MDSWE0563', 'YES', 50),
(2004, 16, 53, '15MDSWE0564', 'YES', 50),
(2005, 16, 53, '15MDSWE0565', 'YES', 50),
(2006, 16, 53, '15MDSWE0566', 'YES', 50),
(2007, 16, 53, '15MDSWE0567', 'YES', 50),
(2008, 16, 53, '15MDSWE0568', 'YES', 50),
(2009, 16, 53, '15MDSWE0569', 'YES', 50),
(2010, 16, 53, '15MDSWE0570', 'YES', 50),
(2011, 16, 53, '15MDSWE0571', 'YES', 50),
(2012, 16, 53, '15MDSWE0572', 'YES', 50),
(2013, 16, 53, '15MDSWE0573', 'YES', 50),
(2014, 16, 53, '15MDSWE0574', 'YES', 50),
(2015, 16, 53, '15MDSWE0575', 'YES', 50),
(2016, 16, 53, '15MDSWE0576', 'YES', 50),
(2017, 16, 53, '15MDSWE0577', 'YES', 50),
(2018, 16, 53, '15MDSWE0578', 'YES', 50),
(2019, 16, 53, '15MDSWE0579', 'YES', 50),
(2020, 16, 53, '15MDSWE0580', 'YES', 50),
(2021, 16, 53, '15MDSWE0581', 'YES', 50),
(2022, 16, 53, '15MDSWE0582', 'YES', 50),
(2023, 16, 53, '15MDSWE0583', 'YES', 50),
(2024, 16, 53, '15MDSWE0584', 'YES', 50),
(2025, 16, 53, '15MDSWE0586', 'YES', 50),
(2026, 16, 53, '15MDSWE0587', 'YES', 50),
(2027, 16, 53, '15MDSWE0588', 'NO', 50),
(2028, 16, 53, '15MDSWE0589', 'YES', 50),
(2029, 16, 53, '15MDSWE0590', 'YES', 50),
(2030, 16, 53, '15MDSWE0591', 'YES', 50),
(2031, 16, 53, '15MDSWE0592', 'YES', 50),
(2032, 16, 53, '15MDSWE0593', 'YES', 50),
(2033, 16, 53, '15MDSWE0594', 'YES', 50),
(2034, 16, 53, '15MDSWE0595', 'YES', 50),
(2035, 16, 53, '15MDSWE0596', 'YES', 50),
(2036, 16, 53, '15MDSWE0597', 'YES', 50),
(2037, 16, 53, '15MDSWE0598', 'YES', 50),
(2038, 16, 53, '15MDSWE0599', 'YES', 50),
(2039, 16, 53, '15MDSWE0600', 'YES', 50),
(2040, 16, 53, '15MDSWE0601', 'YES', 50),
(2041, 16, 53, '15MDSWE0603', 'YES', 50),
(2042, 16, 53, '15MDSWE0604', 'YES', 50),
(2043, 13, 32, '16MDSWE0605', 'YES', 20),
(2044, 13, 32, '16MDSWE0606', 'YES', 20),
(2045, 13, 32, '16MDSWE0607', 'YES', 20),
(2046, 13, 32, '16MDSWE0608', 'YES', 20),
(2047, 13, 32, '16MDSWE0609', 'YES', 20),
(2048, 13, 32, '16MDSWE0610', 'YES', 20),
(2049, 13, 32, '16MDSWE0611', 'NO', 20),
(2050, 13, 32, '16MDSWE0612', 'YES', 20),
(2051, 13, 32, '16MDSWE0614', 'YES', 20),
(2052, 13, 32, '16MDSWE0615', 'NO', 20),
(2053, 13, 32, '16MDSWE0616', 'YES', 20),
(2054, 13, 32, '16MDSWE0617', 'YES', 20),
(2055, 13, 32, '16MDSWE0618', 'NO', 20),
(2056, 13, 32, '16MDSWE0619', 'NO', 20),
(2057, 13, 32, '16MDSWE0620', 'YES', 20),
(2058, 13, 32, '16MDSWE0621', 'NO', 20),
(2059, 13, 32, '16MDSWE0622', 'YES', 20),
(2060, 13, 32, '16MDSWE0623', 'YES', 20),
(2061, 13, 32, '16MDSWE0624', 'YES', 20),
(2062, 13, 32, '16MDSWE0626', 'YES', 20),
(2063, 13, 32, '16MDSWE0627', 'NO', 20),
(2064, 13, 32, '16MDSWE0628', 'YES', 20),
(2065, 13, 32, '16MDSWE0629', 'YES', 20),
(2066, 13, 32, '16MDSWE0630', 'YES', 20),
(2067, 13, 32, '16MDSWE0631', 'YES', 20),
(2068, 13, 32, '16MDSWE0632', 'YES', 20),
(2069, 13, 32, '16MDSWE0633', 'YES', 20),
(2070, 13, 32, '16MDSWE0634', 'YES', 20),
(2071, 13, 32, '16MDSWE0635', 'YES', 20),
(2072, 13, 32, '16MDSWE0636', 'NO', 20),
(2073, 13, 32, '16MDSWE0638', 'YES', 20),
(2074, 13, 32, '16MDSWE0639', 'YES', 20),
(2075, 13, 32, '16MDSWE0640', 'YES', 20),
(2076, 13, 32, '16MDSWE0641', 'YES', 20),
(2077, 13, 32, '16MDSWE0642', 'YES', 20),
(2078, 13, 32, '16MDSWE0643', 'NO', 20),
(2079, 13, 32, '16MDSWE0644', 'YES', 20),
(2080, 13, 32, '16MDSWE0645', 'YES', 20),
(2081, 13, 32, '16MDSWE0646', 'YES', 20),
(2082, 13, 32, '16MDSWE0647', 'NO', 20),
(2083, 13, 32, '16MDSWE0648', 'YES', 20),
(2084, 13, 32, '16MDSWE0649', 'YES', 20),
(2085, 13, 32, '16MDSWE0650', 'YES', 20),
(2086, 13, 32, '16MDSWE0651', 'NO', 20),
(2087, 13, 32, '16MDSWE0652', 'YES', 20),
(2088, 13, 32, '16MDSWE0653', 'YES', 20),
(2089, 13, 32, '16MDSWE0654', 'YES', 20),
(2090, 13, 32, '16MDSWE0655', 'YES', 20),
(2091, 13, 32, '16MDSWE0656', 'YES', 20),
(2092, 13, 32, '16MDSWE0657', 'YES', 20),
(2093, 13, 32, '16MDSWE0658', 'YES', 20),
(2094, 13, 32, '16MDSWE0659', 'YES', 20),
(2095, 13, 32, '16MDSWE0660', 'YES', 20),
(2096, 13, 32, '16MDSWE0662', 'YES', 20),
(2097, 13, 32, '16MDSWE0663', 'YES', 20),
(2098, 13, 32, '16MDSWE0664', 'YES', 20),
(2099, 13, 33, '16MDSWE0605', 'YES', 20),
(2100, 13, 33, '16MDSWE0606', 'NO', 20),
(2101, 13, 33, '16MDSWE0607', 'YES', 20),
(2102, 13, 33, '16MDSWE0608', 'NO', 20),
(2103, 13, 33, '16MDSWE0609', 'NO', 20),
(2104, 13, 33, '16MDSWE0610', 'NO', 20),
(2105, 13, 33, '16MDSWE0611', 'YES', 20),
(2106, 13, 33, '16MDSWE0612', 'NO', 20),
(2107, 13, 33, '16MDSWE0614', 'YES', 20),
(2108, 13, 33, '16MDSWE0615', 'YES', 20),
(2109, 13, 33, '16MDSWE0616', 'YES', 20),
(2110, 13, 33, '16MDSWE0617', 'NO', 20),
(2111, 13, 33, '16MDSWE0618', 'NO', 20),
(2112, 13, 33, '16MDSWE0619', 'YES', 20),
(2113, 13, 33, '16MDSWE0620', 'YES', 20),
(2114, 13, 33, '16MDSWE0621', 'NO', 20),
(2115, 13, 33, '16MDSWE0622', 'YES', 20),
(2116, 13, 33, '16MDSWE0623', 'YES', 20),
(2117, 13, 33, '16MDSWE0624', 'YES', 20),
(2118, 13, 33, '16MDSWE0626', 'YES', 20),
(2119, 13, 33, '16MDSWE0627', 'NO', 20),
(2120, 13, 33, '16MDSWE0628', 'YES', 20),
(2121, 13, 33, '16MDSWE0629', 'NO', 20),
(2122, 13, 33, '16MDSWE0630', 'YES', 20),
(2123, 13, 33, '16MDSWE0631', 'NO', 20),
(2124, 13, 33, '16MDSWE0632', 'YES', 20),
(2125, 13, 33, '16MDSWE0633', 'NO', 20),
(2126, 13, 33, '16MDSWE0634', 'YES', 20),
(2127, 13, 33, '16MDSWE0635', 'YES', 20),
(2128, 13, 33, '16MDSWE0636', 'NO', 20),
(2129, 13, 33, '16MDSWE0638', 'NO', 20),
(2130, 13, 33, '16MDSWE0639', 'NO', 20),
(2131, 13, 33, '16MDSWE0640', 'YES', 20),
(2132, 13, 33, '16MDSWE0641', 'NO', 20),
(2133, 13, 33, '16MDSWE0642', 'NO', 20),
(2134, 13, 33, '16MDSWE0643', 'YES', 20),
(2135, 13, 33, '16MDSWE0644', 'NO', 20),
(2136, 13, 33, '16MDSWE0645', 'YES', 20),
(2137, 13, 33, '16MDSWE0646', 'NO', 20),
(2138, 13, 33, '16MDSWE0647', 'NO', 20),
(2139, 13, 33, '16MDSWE0648', 'YES', 20),
(2140, 13, 33, '16MDSWE0649', 'YES', 20),
(2141, 13, 33, '16MDSWE0650', 'YES', 20),
(2142, 13, 33, '16MDSWE0651', 'NO', 20),
(2143, 13, 33, '16MDSWE0652', 'NO', 20),
(2144, 13, 33, '16MDSWE0653', 'NO', 20),
(2145, 13, 33, '16MDSWE0654', 'YES', 20),
(2146, 13, 33, '16MDSWE0655', 'NO', 20),
(2147, 13, 33, '16MDSWE0656', 'YES', 20),
(2148, 13, 33, '16MDSWE0657', 'YES', 20),
(2149, 13, 33, '16MDSWE0658', 'NO', 20),
(2150, 13, 33, '16MDSWE0659', 'YES', 20),
(2151, 13, 33, '16MDSWE0660', 'YES', 20),
(2152, 13, 33, '16MDSWE0662', 'YES', 20),
(2153, 13, 33, '16MDSWE0663', 'YES', 20),
(2154, 13, 33, '16MDSWE0664', 'YES', 20),
(2155, 13, 34, '16MDSWE0605', 'YES', 20),
(2156, 13, 34, '16MDSWE0606', 'YES', 20),
(2157, 13, 34, '16MDSWE0607', 'NO', 20),
(2158, 13, 34, '16MDSWE0608', 'YES', 20),
(2159, 13, 34, '16MDSWE0609', 'YES', 20),
(2160, 13, 34, '16MDSWE0610', 'YES', 20),
(2161, 13, 34, '16MDSWE0611', 'NO', 20),
(2162, 13, 34, '16MDSWE0612', 'YES', 20),
(2163, 13, 34, '16MDSWE0614', 'YES', 20),
(2164, 13, 34, '16MDSWE0615', 'NO', 20),
(2165, 13, 34, '16MDSWE0616', 'YES', 20),
(2166, 13, 34, '16MDSWE0617', 'NO', 20),
(2167, 13, 34, '16MDSWE0618', 'NO', 20),
(2168, 13, 34, '16MDSWE0619', 'YES', 20),
(2169, 13, 34, '16MDSWE0620', 'YES', 20),
(2170, 13, 34, '16MDSWE0621', 'NO', 20),
(2171, 13, 34, '16MDSWE0622', 'YES', 20),
(2172, 13, 34, '16MDSWE0623', 'NO', 20),
(2173, 13, 34, '16MDSWE0624', 'YES', 20),
(2174, 13, 34, '16MDSWE0626', 'YES', 20),
(2175, 13, 34, '16MDSWE0627', 'YES', 20),
(2176, 13, 34, '16MDSWE0628', 'YES', 20),
(2177, 13, 34, '16MDSWE0629', 'NO', 20),
(2178, 13, 34, '16MDSWE0630', 'YES', 20),
(2179, 13, 34, '16MDSWE0631', 'YES', 20),
(2180, 13, 34, '16MDSWE0632', 'YES', 20),
(2181, 13, 34, '16MDSWE0633', 'YES', 20),
(2182, 13, 34, '16MDSWE0634', 'NO', 20),
(2183, 13, 34, '16MDSWE0635', 'YES', 20),
(2184, 13, 34, '16MDSWE0636', 'NO', 20),
(2185, 13, 34, '16MDSWE0638', 'NO', 20),
(2186, 13, 34, '16MDSWE0639', 'YES', 20),
(2187, 13, 34, '16MDSWE0640', 'NO', 20),
(2188, 13, 34, '16MDSWE0641', 'YES', 20),
(2189, 13, 34, '16MDSWE0642', 'YES', 20),
(2190, 13, 34, '16MDSWE0643', 'YES', 20),
(2191, 13, 34, '16MDSWE0644', 'NO', 20),
(2192, 13, 34, '16MDSWE0645', 'NO', 20),
(2193, 13, 34, '16MDSWE0646', 'NO', 20),
(2194, 13, 34, '16MDSWE0647', 'NO', 20),
(2195, 13, 34, '16MDSWE0648', 'YES', 20),
(2196, 13, 34, '16MDSWE0649', 'NO', 20),
(2197, 13, 34, '16MDSWE0650', 'YES', 20),
(2198, 13, 34, '16MDSWE0651', 'NO', 20),
(2199, 13, 34, '16MDSWE0652', 'YES', 20),
(2200, 13, 34, '16MDSWE0653', 'YES', 20),
(2201, 13, 34, '16MDSWE0654', 'YES', 20),
(2202, 13, 34, '16MDSWE0655', 'NO', 20),
(2203, 13, 34, '16MDSWE0656', 'YES', 20),
(2204, 13, 34, '16MDSWE0657', 'NO', 20),
(2205, 13, 34, '16MDSWE0658', 'NO', 20),
(2206, 13, 34, '16MDSWE0659', 'YES', 20),
(2207, 13, 34, '16MDSWE0660', 'YES', 20),
(2208, 13, 34, '16MDSWE0662', 'YES', 20),
(2209, 13, 34, '16MDSWE0663', 'YES', 20),
(2210, 13, 34, '16MDSWE0664', 'YES', 20),
(2211, 15, 11, '16MDSWE0605', 'YES', 20),
(2212, 15, 11, '16MDSWE0606', 'YES', 20),
(2213, 15, 11, '16MDSWE0607', 'YES', 20),
(2214, 15, 11, '16MDSWE0608', 'YES', 20),
(2215, 15, 11, '16MDSWE0609', 'YES', 20),
(2216, 15, 11, '16MDSWE0610', 'YES', 20),
(2217, 15, 11, '16MDSWE0611', 'YES', 20),
(2218, 15, 11, '16MDSWE0612', 'YES', 20),
(2219, 15, 11, '16MDSWE0614', 'YES', 20),
(2220, 15, 11, '16MDSWE0615', 'YES', 20),
(2221, 15, 11, '16MDSWE0616', 'YES', 20),
(2222, 15, 11, '16MDSWE0617', 'NO', 20),
(2223, 15, 11, '16MDSWE0618', 'NO', 20),
(2224, 15, 11, '16MDSWE0619', 'YES', 20),
(2225, 15, 11, '16MDSWE0620', 'YES', 20),
(2226, 15, 11, '16MDSWE0621', 'YES', 20),
(2227, 15, 11, '16MDSWE0622', 'YES', 20),
(2228, 15, 11, '16MDSWE0623', 'YES', 20),
(2229, 15, 11, '16MDSWE0624', 'YES', 20),
(2230, 15, 11, '16MDSWE0626', 'YES', 20),
(2231, 15, 11, '16MDSWE0627', 'YES', 20),
(2232, 15, 11, '16MDSWE0628', 'YES', 20),
(2233, 15, 11, '16MDSWE0629', 'YES', 20),
(2234, 15, 11, '16MDSWE0630', 'YES', 20),
(2235, 15, 11, '16MDSWE0631', 'YES', 20),
(2236, 15, 11, '16MDSWE0632', 'YES', 20),
(2237, 15, 11, '16MDSWE0633', 'YES', 20),
(2238, 15, 11, '16MDSWE0634', 'YES', 20),
(2239, 15, 11, '16MDSWE0635', 'YES', 20),
(2240, 15, 11, '16MDSWE0636', 'NO', 20),
(2241, 15, 11, '16MDSWE0638', 'YES', 20),
(2242, 15, 11, '16MDSWE0639', 'YES', 20),
(2243, 15, 11, '16MDSWE0640', 'NO', 20),
(2244, 15, 11, '16MDSWE0641', 'YES', 20),
(2245, 15, 11, '16MDSWE0642', 'YES', 20),
(2246, 15, 11, '16MDSWE0643', 'YES', 20),
(2247, 15, 11, '16MDSWE0644', 'YES', 20),
(2248, 15, 11, '16MDSWE0645', 'YES', 20),
(2249, 15, 11, '16MDSWE0646', 'YES', 20),
(2250, 15, 11, '16MDSWE0647', 'YES', 20),
(2251, 15, 11, '16MDSWE0648', 'YES', 20),
(2252, 15, 11, '16MDSWE0649', 'YES', 20),
(2253, 15, 11, '16MDSWE0650', 'YES', 20),
(2254, 15, 11, '16MDSWE0651', 'YES', 20),
(2255, 15, 11, '16MDSWE0652', 'YES', 20),
(2256, 15, 11, '16MDSWE0653', 'YES', 20),
(2257, 15, 11, '16MDSWE0654', 'YES', 20),
(2258, 15, 11, '16MDSWE0655', 'YES', 20),
(2259, 15, 11, '16MDSWE0656', 'YES', 20),
(2260, 15, 11, '16MDSWE0657', 'YES', 20),
(2261, 15, 11, '16MDSWE0658', 'NO', 20),
(2262, 15, 11, '16MDSWE0659', 'NO', 20),
(2263, 15, 11, '16MDSWE0660', 'YES', 20),
(2264, 15, 11, '16MDSWE0662', 'YES', 20),
(2265, 15, 11, '16MDSWE0663', 'YES', 20),
(2266, 15, 11, '16MDSWE0664', 'YES', 20),
(2267, 15, 13, '16MDSWE0605', 'NO', 20),
(2268, 15, 13, '16MDSWE0606', 'YES', 20),
(2269, 15, 13, '16MDSWE0607', 'YES', 20),
(2270, 15, 13, '16MDSWE0608', 'NO', 20),
(2271, 15, 13, '16MDSWE0609', 'YES', 20),
(2272, 15, 13, '16MDSWE0610', 'NO', 20),
(2273, 15, 13, '16MDSWE0611', 'YES', 20),
(2274, 15, 13, '16MDSWE0612', 'YES', 20),
(2275, 15, 13, '16MDSWE0614', 'YES', 20),
(2276, 15, 13, '16MDSWE0615', 'YES', 20),
(2277, 15, 13, '16MDSWE0616', 'YES', 20),
(2278, 15, 13, '16MDSWE0617', 'NO', 20),
(2279, 15, 13, '16MDSWE0618', 'NO', 20),
(2280, 15, 13, '16MDSWE0619', 'YES', 20),
(2281, 15, 13, '16MDSWE0620', 'YES', 20),
(2282, 15, 13, '16MDSWE0621', 'NO', 20),
(2283, 15, 13, '16MDSWE0622', 'YES', 20),
(2284, 15, 13, '16MDSWE0623', 'YES', 20),
(2285, 15, 13, '16MDSWE0624', 'YES', 20),
(2286, 15, 13, '16MDSWE0626', 'YES', 20),
(2287, 15, 13, '16MDSWE0627', 'YES', 20),
(2288, 15, 13, '16MDSWE0628', 'NO', 20),
(2289, 15, 13, '16MDSWE0629', 'YES', 20),
(2290, 15, 13, '16MDSWE0630', 'YES', 20),
(2291, 15, 13, '16MDSWE0631', 'YES', 20),
(2292, 15, 13, '16MDSWE0632', 'YES', 20),
(2293, 15, 13, '16MDSWE0633', 'YES', 20),
(2294, 15, 13, '16MDSWE0634', 'YES', 20),
(2295, 15, 13, '16MDSWE0635', 'YES', 20),
(2296, 15, 13, '16MDSWE0636', 'NO', 20),
(2297, 15, 13, '16MDSWE0638', 'NO', 20),
(2298, 15, 13, '16MDSWE0639', 'NO', 20),
(2299, 15, 13, '16MDSWE0640', 'YES', 20),
(2300, 15, 13, '16MDSWE0641', 'NO', 20),
(2301, 15, 13, '16MDSWE0642', 'YES', 20),
(2302, 15, 13, '16MDSWE0643', 'YES', 20),
(2303, 15, 13, '16MDSWE0644', 'YES', 20),
(2304, 15, 13, '16MDSWE0645', 'YES', 20),
(2305, 15, 13, '16MDSWE0646', 'NO', 20),
(2306, 15, 13, '16MDSWE0647', 'NO', 20),
(2307, 15, 13, '16MDSWE0648', 'YES', 20),
(2308, 15, 13, '16MDSWE0649', 'YES', 20),
(2309, 15, 13, '16MDSWE0650', 'YES', 20),
(2310, 15, 13, '16MDSWE0651', 'YES', 20),
(2311, 15, 13, '16MDSWE0652', 'YES', 20),
(2312, 15, 13, '16MDSWE0653', 'NO', 20),
(2313, 15, 13, '16MDSWE0654', 'YES', 20),
(2314, 15, 13, '16MDSWE0655', 'YES', 20),
(2315, 15, 13, '16MDSWE0656', 'NO', 20),
(2316, 15, 13, '16MDSWE0657', 'YES', 20),
(2317, 15, 13, '16MDSWE0658', 'NO', 20),
(2318, 15, 13, '16MDSWE0659', 'NO', 20),
(2319, 15, 13, '16MDSWE0660', 'YES', 20),
(2320, 15, 13, '16MDSWE0662', 'YES', 20),
(2321, 15, 13, '16MDSWE0663', 'YES', 20),
(2322, 15, 13, '16MDSWE0664', 'YES', 20),
(2323, 15, 12, '16MDSWE0605', 'YES', 20),
(2324, 15, 12, '16MDSWE0606', 'YES', 20),
(2325, 15, 12, '16MDSWE0607', 'YES', 20),
(2326, 15, 12, '16MDSWE0608', 'YES', 20),
(2327, 15, 12, '16MDSWE0609', 'YES', 20),
(2328, 15, 12, '16MDSWE0610', 'YES', 20),
(2329, 15, 12, '16MDSWE0611', 'YES', 20),
(2330, 15, 12, '16MDSWE0612', 'YES', 20),
(2331, 15, 12, '16MDSWE0614', 'YES', 20),
(2332, 15, 12, '16MDSWE0615', 'YES', 20),
(2333, 15, 12, '16MDSWE0616', 'YES', 20),
(2334, 15, 12, '16MDSWE0617', 'NO', 20),
(2335, 15, 12, '16MDSWE0618', 'NO', 20),
(2336, 15, 12, '16MDSWE0619', 'YES', 20),
(2337, 15, 12, '16MDSWE0620', 'YES', 20),
(2338, 15, 12, '16MDSWE0621', 'NO', 20),
(2339, 15, 12, '16MDSWE0622', 'YES', 20),
(2340, 15, 12, '16MDSWE0623', 'YES', 20),
(2341, 15, 12, '16MDSWE0624', 'YES', 20),
(2342, 15, 12, '16MDSWE0626', 'YES', 20),
(2343, 15, 12, '16MDSWE0627', 'YES', 20),
(2344, 15, 12, '16MDSWE0628', 'YES', 20),
(2345, 15, 12, '16MDSWE0629', 'YES', 20),
(2346, 15, 12, '16MDSWE0630', 'YES', 20),
(2347, 15, 12, '16MDSWE0631', 'YES', 20),
(2348, 15, 12, '16MDSWE0632', 'YES', 20),
(2349, 15, 12, '16MDSWE0633', 'YES', 20),
(2350, 15, 12, '16MDSWE0634', 'YES', 20),
(2351, 15, 12, '16MDSWE0635', 'YES', 20),
(2352, 15, 12, '16MDSWE0636', 'YES', 20),
(2353, 15, 12, '16MDSWE0638', 'YES', 20),
(2354, 15, 12, '16MDSWE0639', 'YES', 20),
(2355, 15, 12, '16MDSWE0640', 'YES', 20),
(2356, 15, 12, '16MDSWE0641', 'YES', 20),
(2357, 15, 12, '16MDSWE0642', 'YES', 20),
(2358, 15, 12, '16MDSWE0643', 'NO', 20),
(2359, 15, 12, '16MDSWE0644', 'YES', 20),
(2360, 15, 12, '16MDSWE0645', 'YES', 20),
(2361, 15, 12, '16MDSWE0646', 'YES', 20),
(2362, 15, 12, '16MDSWE0647', 'NO', 20),
(2363, 15, 12, '16MDSWE0648', 'YES', 20),
(2364, 15, 12, '16MDSWE0649', 'YES', 20),
(2365, 15, 12, '16MDSWE0650', 'YES', 20),
(2366, 15, 12, '16MDSWE0651', 'YES', 20),
(2367, 15, 12, '16MDSWE0652', 'YES', 20),
(2368, 15, 12, '16MDSWE0653', 'YES', 20),
(2369, 15, 12, '16MDSWE0654', 'YES', 20),
(2370, 15, 12, '16MDSWE0655', 'YES', 20),
(2371, 15, 12, '16MDSWE0656', 'YES', 20),
(2372, 15, 12, '16MDSWE0657', 'YES', 20),
(2373, 15, 12, '16MDSWE0658', 'NO', 20),
(2374, 15, 12, '16MDSWE0659', 'YES', 20),
(2375, 15, 12, '16MDSWE0660', 'YES', 20),
(2376, 15, 12, '16MDSWE0662', 'YES', 20),
(2377, 15, 12, '16MDSWE0663', 'YES', 20),
(2378, 15, 12, '16MDSWE0664', 'YES', 20),
(2379, 15, 14, '16MDSWE0605', 'YES', 20),
(2380, 15, 14, '16MDSWE0606', 'NO', 20),
(2381, 15, 14, '16MDSWE0607', 'YES', 20),
(2382, 15, 14, '16MDSWE0608', 'NO', 20),
(2383, 15, 14, '16MDSWE0609', 'NO', 20),
(2384, 15, 14, '16MDSWE0610', 'YES', 20),
(2385, 15, 14, '16MDSWE0611', 'YES', 20),
(2386, 15, 14, '16MDSWE0612', 'NO', 20),
(2387, 15, 14, '16MDSWE0614', 'YES', 20),
(2388, 15, 14, '16MDSWE0615', 'YES', 20),
(2389, 15, 14, '16MDSWE0616', 'YES', 20),
(2390, 15, 14, '16MDSWE0617', 'NO', 20),
(2391, 15, 14, '16MDSWE0618', 'NO', 20),
(2392, 15, 14, '16MDSWE0619', 'YES', 20),
(2393, 15, 14, '16MDSWE0620', 'YES', 20),
(2394, 15, 14, '16MDSWE0621', 'NO', 20),
(2395, 15, 14, '16MDSWE0622', 'YES', 20),
(2396, 15, 14, '16MDSWE0623', 'NO', 20),
(2397, 15, 14, '16MDSWE0624', 'YES', 20),
(2398, 15, 14, '16MDSWE0626', 'YES', 20),
(2399, 15, 14, '16MDSWE0627', 'YES', 20),
(2400, 15, 14, '16MDSWE0628', 'YES', 20),
(2401, 15, 14, '16MDSWE0629', 'YES', 20),
(2402, 15, 14, '16MDSWE0630', 'YES', 20),
(2403, 15, 14, '16MDSWE0631', 'NO', 20),
(2404, 15, 14, '16MDSWE0632', 'YES', 20),
(2405, 15, 14, '16MDSWE0633', 'YES', 20),
(2406, 15, 14, '16MDSWE0634', 'YES', 20),
(2407, 15, 14, '16MDSWE0635', 'YES', 20),
(2408, 15, 14, '16MDSWE0636', 'NO', 20),
(2409, 15, 14, '16MDSWE0638', 'NO', 20),
(2410, 15, 14, '16MDSWE0639', 'NO', 20),
(2411, 15, 14, '16MDSWE0640', 'NO', 20),
(2412, 15, 14, '16MDSWE0641', 'NO', 20),
(2413, 15, 14, '16MDSWE0642', 'YES', 20),
(2414, 15, 14, '16MDSWE0643', 'YES', 20),
(2415, 15, 14, '16MDSWE0644', 'NO', 20),
(2416, 15, 14, '16MDSWE0645', 'NO', 20),
(2417, 15, 14, '16MDSWE0646', 'NO', 20),
(2418, 15, 14, '16MDSWE0647', 'NO', 20),
(2419, 15, 14, '16MDSWE0648', 'NO', 20),
(2420, 15, 14, '16MDSWE0649', 'YES', 20),
(2421, 15, 14, '16MDSWE0650', 'YES', 20),
(2422, 15, 14, '16MDSWE0651', 'YES', 20),
(2423, 15, 14, '16MDSWE0652', 'YES', 20),
(2424, 15, 14, '16MDSWE0653', 'YES', 20),
(2425, 15, 14, '16MDSWE0654', 'YES', 20),
(2426, 15, 14, '16MDSWE0655', 'NO', 20),
(2427, 15, 14, '16MDSWE0656', 'NO', 20),
(2428, 15, 14, '16MDSWE0657', 'YES', 20),
(2429, 15, 14, '16MDSWE0658', 'NO', 20),
(2430, 15, 14, '16MDSWE0659', 'YES', 20),
(2431, 15, 14, '16MDSWE0660', 'YES', 20),
(2432, 15, 14, '16MDSWE0662', 'YES', 20),
(2433, 15, 14, '16MDSWE0663', 'YES', 20),
(2434, 15, 14, '16MDSWE0664', 'YES', 20),
(2435, 14, 148, '16MDSWE0605', 'NO', 70),
(2436, 14, 148, '16MDSWE0606', 'NO', 70),
(2437, 14, 148, '16MDSWE0607', 'NO', 70),
(2438, 14, 148, '16MDSWE0608', 'NO', 70),
(2439, 14, 148, '16MDSWE0609', 'YES', 70),
(2440, 14, 148, '16MDSWE0610', 'NO', 70),
(2441, 14, 148, '16MDSWE0611', 'NO', 70),
(2442, 14, 148, '16MDSWE0612', 'NO', 70),
(2443, 14, 148, '16MDSWE0614', 'NO', 70),
(2444, 14, 148, '16MDSWE0615', 'NO', 70),
(2445, 14, 148, '16MDSWE0616', 'NO', 70),
(2446, 14, 148, '16MDSWE0617', 'NO', 70),
(2447, 14, 148, '16MDSWE0618', 'NO', 70),
(2448, 14, 148, '16MDSWE0619', 'NO', 70),
(2449, 14, 148, '16MDSWE0620', 'NO', 70),
(2450, 14, 148, '16MDSWE0621', 'NO', 70),
(2451, 14, 148, '16MDSWE0622', 'NO', 70),
(2452, 14, 148, '16MDSWE0623', 'NO', 70),
(2453, 14, 148, '16MDSWE0624', 'YES', 70),
(2454, 14, 148, '16MDSWE0626', 'NO', 70),
(2455, 14, 148, '16MDSWE0627', 'NO', 70),
(2456, 14, 148, '16MDSWE0628', 'NO', 70),
(2457, 14, 148, '16MDSWE0629', 'NO', 70),
(2458, 14, 148, '16MDSWE0630', 'NO', 70),
(2459, 14, 148, '16MDSWE0631', 'NO', 70),
(2460, 14, 148, '16MDSWE0632', 'NO', 70),
(2461, 14, 148, '16MDSWE0633', 'NO', 70),
(2462, 14, 148, '16MDSWE0634', 'NO', 70),
(2463, 14, 148, '16MDSWE0635', 'NO', 70),
(2464, 14, 148, '16MDSWE0636', 'NO', 70),
(2465, 14, 148, '16MDSWE0638', 'NO', 70),
(2466, 14, 148, '16MDSWE0639', 'NO', 70),
(2467, 14, 148, '16MDSWE0640', 'NO', 70),
(2468, 14, 148, '16MDSWE0641', 'NO', 70),
(2469, 14, 148, '16MDSWE0642', 'NO', 70),
(2470, 14, 148, '16MDSWE0643', 'NO', 70),
(2471, 14, 148, '16MDSWE0644', 'NO', 70),
(2472, 14, 148, '16MDSWE0645', 'NO', 70),
(2473, 14, 148, '16MDSWE0646', 'NO', 70),
(2474, 14, 148, '16MDSWE0647', 'NO', 70),
(2475, 14, 148, '16MDSWE0648', 'NO', 70),
(2476, 14, 148, '16MDSWE0649', 'NO', 70),
(2477, 14, 148, '16MDSWE0650', 'NO', 70),
(2478, 14, 148, '16MDSWE0651', 'NO', 70),
(2479, 14, 148, '16MDSWE0652', 'NO', 70),
(2480, 14, 148, '16MDSWE0653', 'NO', 70),
(2481, 14, 148, '16MDSWE0654', 'NO', 70),
(2482, 14, 148, '16MDSWE0655', 'NO', 70),
(2483, 14, 148, '16MDSWE0656', 'NO', 70),
(2484, 14, 148, '16MDSWE0657', 'NO', 70),
(2485, 14, 148, '16MDSWE0658', 'NO', 70),
(2486, 14, 148, '16MDSWE0659', 'NO', 70),
(2487, 14, 148, '16MDSWE0660', 'NO', 70),
(2488, 14, 148, '16MDSWE0662', 'NO', 70),
(2489, 14, 148, '16MDSWE0663', 'NO', 70),
(2490, 14, 148, '16MDSWE0664', 'NO', 70),
(2491, 14, 150, '16MDSWE0605', 'YES', 70),
(2492, 14, 150, '16MDSWE0606', 'NO', 70),
(2493, 14, 150, '16MDSWE0607', 'NO', 70),
(2494, 14, 150, '16MDSWE0608', 'NO', 70),
(2495, 14, 150, '16MDSWE0609', 'YES', 70),
(2496, 14, 150, '16MDSWE0610', 'YES', 70),
(2497, 14, 150, '16MDSWE0611', 'NO', 70),
(2498, 14, 150, '16MDSWE0612', 'YES', 70),
(2499, 14, 150, '16MDSWE0614', 'YES', 70),
(2500, 14, 150, '16MDSWE0615', 'NO', 70),
(2501, 14, 150, '16MDSWE0616', 'YES', 70),
(2502, 14, 150, '16MDSWE0617', 'YES', 70),
(2503, 14, 150, '16MDSWE0618', 'NO', 70),
(2504, 14, 150, '16MDSWE0619', 'YES', 70),
(2505, 14, 150, '16MDSWE0620', 'NO', 70),
(2506, 14, 150, '16MDSWE0621', 'NO', 70),
(2507, 14, 150, '16MDSWE0622', 'YES', 70),
(2508, 14, 150, '16MDSWE0623', 'YES', 70),
(2509, 14, 150, '16MDSWE0624', 'YES', 70),
(2510, 14, 150, '16MDSWE0626', 'NO', 70),
(2511, 14, 150, '16MDSWE0627', 'NO', 70),
(2512, 14, 150, '16MDSWE0628', 'YES', 70),
(2513, 14, 150, '16MDSWE0629', 'YES', 70),
(2514, 14, 150, '16MDSWE0630', 'YES', 70),
(2515, 14, 150, '16MDSWE0631', 'YES', 70),
(2516, 14, 150, '16MDSWE0632', 'YES', 70),
(2517, 14, 150, '16MDSWE0633', 'YES', 70),
(2518, 14, 150, '16MDSWE0634', 'NO', 70),
(2519, 14, 150, '16MDSWE0635', 'YES', 70),
(2520, 14, 150, '16MDSWE0636', 'NO', 70),
(2521, 14, 150, '16MDSWE0638', 'YES', 70),
(2522, 14, 150, '16MDSWE0639', 'NO', 70),
(2523, 14, 150, '16MDSWE0640', 'NO', 70),
(2524, 14, 150, '16MDSWE0641', 'YES', 70),
(2525, 14, 150, '16MDSWE0642', 'NO', 70),
(2526, 14, 150, '16MDSWE0643', 'NO', 70),
(2527, 14, 150, '16MDSWE0644', 'YES', 70),
(2528, 14, 150, '16MDSWE0645', 'NO', 70),
(2529, 14, 150, '16MDSWE0646', 'NO', 70),
(2530, 14, 150, '16MDSWE0647', 'NO', 70),
(2531, 14, 150, '16MDSWE0648', 'NO', 70),
(2532, 14, 150, '16MDSWE0649', 'NO', 70),
(2533, 14, 150, '16MDSWE0650', 'YES', 70),
(2534, 14, 150, '16MDSWE0651', 'NO', 70),
(2535, 14, 150, '16MDSWE0652', 'YES', 70),
(2536, 14, 150, '16MDSWE0653', 'YES', 70),
(2537, 14, 150, '16MDSWE0654', 'YES', 70),
(2538, 14, 150, '16MDSWE0655', 'YES', 70),
(2539, 14, 150, '16MDSWE0656', 'YES', 70),
(2540, 14, 150, '16MDSWE0657', 'NO', 70),
(2541, 14, 150, '16MDSWE0658', 'YES', 70),
(2542, 14, 150, '16MDSWE0659', 'YES', 70),
(2543, 14, 150, '16MDSWE0660', 'YES', 70),
(2544, 14, 150, '16MDSWE0662', 'NO', 70),
(2545, 14, 150, '16MDSWE0663', 'YES', 70),
(2546, 14, 150, '16MDSWE0664', 'YES', 70),
(2547, 14, 149, '16MDSWE0605', 'YES', 70),
(2548, 14, 149, '16MDSWE0606', 'NO', 70),
(2549, 14, 149, '16MDSWE0607', 'NO', 70),
(2550, 14, 149, '16MDSWE0608', 'NO', 70),
(2551, 14, 149, '16MDSWE0609', 'NO', 70),
(2552, 14, 149, '16MDSWE0610', 'NO', 70),
(2553, 14, 149, '16MDSWE0611', 'NO', 70),
(2554, 14, 149, '16MDSWE0612', 'NO', 70),
(2555, 14, 149, '16MDSWE0614', 'NO', 70),
(2556, 14, 149, '16MDSWE0615', 'NO', 70),
(2557, 14, 149, '16MDSWE0616', 'NO', 70),
(2558, 14, 149, '16MDSWE0617', 'NO', 70),
(2559, 14, 149, '16MDSWE0618', 'NO', 70),
(2560, 14, 149, '16MDSWE0619', 'NO', 70),
(2561, 14, 149, '16MDSWE0620', 'NO', 70),
(2562, 14, 149, '16MDSWE0621', 'NO', 70),
(2563, 14, 149, '16MDSWE0622', 'NO', 70),
(2564, 14, 149, '16MDSWE0623', 'NO', 70),
(2565, 14, 149, '16MDSWE0624', 'NO', 70),
(2566, 14, 149, '16MDSWE0626', 'NO', 70),
(2567, 14, 149, '16MDSWE0627', 'NO', 70),
(2568, 14, 149, '16MDSWE0628', 'NO', 70),
(2569, 14, 149, '16MDSWE0629', 'NO', 70),
(2570, 14, 149, '16MDSWE0630', 'NO', 70),
(2571, 14, 149, '16MDSWE0631', 'NO', 70);
INSERT INTO `clo_attainment` (`attainment_id`, `course_id`, `clo_id`, `std_regno`, `attainment_status`, `obtained_score`) VALUES
(2572, 14, 149, '16MDSWE0632', 'NO', 70),
(2573, 14, 149, '16MDSWE0633', 'NO', 70),
(2574, 14, 149, '16MDSWE0634', 'NO', 70),
(2575, 14, 149, '16MDSWE0635', 'NO', 70),
(2576, 14, 149, '16MDSWE0636', 'NO', 70),
(2577, 14, 149, '16MDSWE0638', 'NO', 70),
(2578, 14, 149, '16MDSWE0639', 'NO', 70),
(2579, 14, 149, '16MDSWE0640', 'NO', 70),
(2580, 14, 149, '16MDSWE0641', 'NO', 70),
(2581, 14, 149, '16MDSWE0642', 'NO', 70),
(2582, 14, 149, '16MDSWE0643', 'NO', 70),
(2583, 14, 149, '16MDSWE0644', 'NO', 70),
(2584, 14, 149, '16MDSWE0645', 'NO', 70),
(2585, 14, 149, '16MDSWE0646', 'NO', 70),
(2586, 14, 149, '16MDSWE0647', 'NO', 70),
(2587, 14, 149, '16MDSWE0648', 'NO', 70),
(2588, 14, 149, '16MDSWE0649', 'NO', 70),
(2589, 14, 149, '16MDSWE0650', 'NO', 70),
(2590, 14, 149, '16MDSWE0651', 'NO', 70),
(2591, 14, 149, '16MDSWE0652', 'NO', 70),
(2592, 14, 149, '16MDSWE0653', 'NO', 70),
(2593, 14, 149, '16MDSWE0654', 'NO', 70),
(2594, 14, 149, '16MDSWE0655', 'NO', 70),
(2595, 14, 149, '16MDSWE0656', 'NO', 70),
(2596, 14, 149, '16MDSWE0657', 'NO', 70),
(2597, 14, 149, '16MDSWE0658', 'NO', 70),
(2598, 14, 149, '16MDSWE0659', 'NO', 70),
(2599, 14, 149, '16MDSWE0660', 'NO', 70),
(2600, 14, 149, '16MDSWE0662', 'NO', 70),
(2601, 14, 149, '16MDSWE0663', 'NO', 70),
(2602, 14, 149, '16MDSWE0664', 'NO', 70),
(2603, 4, 62, '18MDSWE001', 'YES', 50),
(2604, 4, 62, '18MDSWE002', 'YES', 50),
(2605, 4, 62, '18MDSWE003', 'YES', 50),
(2606, 4, 62, '18MDSWE004', 'YES', 50),
(2607, 4, 62, '18MDSWE005', 'YES', 50),
(2608, 4, 62, '18MDSWE006', 'YES', 50),
(2609, 4, 62, '18MDSWE007', 'YES', 50),
(2610, 4, 62, '18MDSWE008', 'YES', 50),
(2611, 4, 62, '18MDSWE009', 'YES', 50),
(2612, 4, 62, '18MDSWE010', 'YES', 50),
(2613, 4, 62, '18MDSWE011', 'YES', 50),
(2614, 4, 62, '18MDSWE012', 'YES', 50),
(2615, 4, 62, '18MDSWE013', 'YES', 50),
(2616, 4, 62, '18MDSWE014', 'YES', 50),
(2617, 4, 62, '18MDSWE015', 'YES', 50),
(2618, 4, 62, '18MDSWE016', 'YES', 50),
(2619, 4, 62, '18MDSWE017', 'YES', 50),
(2620, 4, 62, '18MDSWE018', 'YES', 50),
(2621, 4, 62, '18MDSWE019', 'YES', 50),
(2622, 4, 62, '18MDSWE020', 'YES', 50),
(2623, 4, 62, '18MDSWE021', 'YES', 50),
(2624, 4, 62, '18MDSWE022', 'YES', 50),
(2625, 4, 62, '18MDSWE023', 'YES', 50),
(2626, 4, 62, '18MDSWE024', 'YES', 50),
(2627, 4, 62, '18MDSWE025', 'YES', 50),
(2628, 4, 62, '18MDSWE026', 'YES', 50),
(2629, 4, 62, '18MDSWE027', 'YES', 50),
(2630, 4, 62, '18MDSWE028', 'YES', 50),
(2631, 4, 62, '18MDSWE029', 'YES', 50),
(2632, 4, 62, '18MDSWE030', 'YES', 50),
(2633, 4, 62, '18MDSWE031', 'YES', 50),
(2634, 4, 62, '18MDSWE032', 'YES', 50),
(2635, 4, 62, '18MDSWE033', 'YES', 50),
(2636, 4, 62, '18MDSWE034', 'YES', 50),
(2637, 4, 62, '18MDSWE035', 'YES', 50),
(2638, 4, 62, '18MDSWE036', 'YES', 50),
(2639, 4, 62, '18MDSWE037', 'YES', 50),
(2640, 4, 62, '18MDSWE038', 'YES', 50),
(2641, 4, 62, '18MDSWE039', 'YES', 50),
(2642, 4, 62, '18MDSWE040', 'YES', 50),
(2643, 4, 62, '18MDSWE041', 'YES', 50),
(2644, 4, 62, '18MDSWE042', 'YES', 50),
(2645, 4, 62, '18MDSWE043', 'YES', 50),
(2646, 4, 62, '18MDSWE044', 'YES', 50),
(2647, 4, 62, '18MDSWE045', 'YES', 50),
(2648, 4, 62, '18MDSWE046', 'YES', 50),
(2649, 4, 63, '18MDSWE001', 'YES', 50),
(2650, 4, 63, '18MDSWE002', 'YES', 50),
(2651, 4, 63, '18MDSWE003', 'YES', 50),
(2652, 4, 63, '18MDSWE004', 'YES', 50),
(2653, 4, 63, '18MDSWE005', 'YES', 50),
(2654, 4, 63, '18MDSWE006', 'YES', 50),
(2655, 4, 63, '18MDSWE007', 'YES', 50),
(2656, 4, 63, '18MDSWE008', 'YES', 50),
(2657, 4, 63, '18MDSWE009', 'YES', 50),
(2658, 4, 63, '18MDSWE010', 'YES', 50),
(2659, 4, 63, '18MDSWE011', 'YES', 50),
(2660, 4, 63, '18MDSWE012', 'YES', 50),
(2661, 4, 63, '18MDSWE013', 'YES', 50),
(2662, 4, 63, '18MDSWE014', 'YES', 50),
(2663, 4, 63, '18MDSWE015', 'YES', 50),
(2664, 4, 63, '18MDSWE016', 'YES', 50),
(2665, 4, 63, '18MDSWE017', 'YES', 50),
(2666, 4, 63, '18MDSWE018', 'YES', 50),
(2667, 4, 63, '18MDSWE019', 'YES', 50),
(2668, 4, 63, '18MDSWE020', 'YES', 50),
(2669, 4, 63, '18MDSWE021', 'YES', 50),
(2670, 4, 63, '18MDSWE022', 'YES', 50),
(2671, 4, 63, '18MDSWE023', 'YES', 50),
(2672, 4, 63, '18MDSWE024', 'YES', 50),
(2673, 4, 63, '18MDSWE025', 'YES', 50),
(2674, 4, 63, '18MDSWE026', 'NO', 50),
(2675, 4, 63, '18MDSWE027', 'YES', 50),
(2676, 4, 63, '18MDSWE028', 'YES', 50),
(2677, 4, 63, '18MDSWE029', 'YES', 50),
(2678, 4, 63, '18MDSWE030', 'YES', 50),
(2679, 4, 63, '18MDSWE031', 'YES', 50),
(2680, 4, 63, '18MDSWE032', 'YES', 50),
(2681, 4, 63, '18MDSWE033', 'YES', 50),
(2682, 4, 63, '18MDSWE034', 'YES', 50),
(2683, 4, 63, '18MDSWE035', 'YES', 50),
(2684, 4, 63, '18MDSWE036', 'YES', 50),
(2685, 4, 63, '18MDSWE037', 'YES', 50),
(2686, 4, 63, '18MDSWE038', 'YES', 50),
(2687, 4, 63, '18MDSWE039', 'YES', 50),
(2688, 4, 63, '18MDSWE040', 'YES', 50),
(2689, 4, 63, '18MDSWE041', 'YES', 50),
(2690, 4, 63, '18MDSWE042', 'YES', 50),
(2691, 4, 63, '18MDSWE043', 'YES', 50),
(2692, 4, 63, '18MDSWE044', 'YES', 50),
(2693, 4, 63, '18MDSWE045', 'YES', 50),
(2694, 4, 63, '18MDSWE046', 'YES', 50),
(2695, 4, 64, '18MDSWE001', 'YES', 50),
(2696, 4, 64, '18MDSWE002', 'YES', 50),
(2697, 4, 64, '18MDSWE003', 'YES', 50),
(2698, 4, 64, '18MDSWE004', 'YES', 50),
(2699, 4, 64, '18MDSWE005', 'YES', 50),
(2700, 4, 64, '18MDSWE006', 'YES', 50),
(2701, 4, 64, '18MDSWE007', 'YES', 50),
(2702, 4, 64, '18MDSWE008', 'YES', 50),
(2703, 4, 64, '18MDSWE009', 'YES', 50),
(2704, 4, 64, '18MDSWE010', 'YES', 50),
(2705, 4, 64, '18MDSWE011', 'YES', 50),
(2706, 4, 64, '18MDSWE012', 'YES', 50),
(2707, 4, 64, '18MDSWE013', 'YES', 50),
(2708, 4, 64, '18MDSWE014', 'YES', 50),
(2709, 4, 64, '18MDSWE015', 'YES', 50),
(2710, 4, 64, '18MDSWE016', 'YES', 50),
(2711, 4, 64, '18MDSWE017', 'YES', 50),
(2712, 4, 64, '18MDSWE018', 'YES', 50),
(2713, 4, 64, '18MDSWE019', 'YES', 50),
(2714, 4, 64, '18MDSWE020', 'YES', 50),
(2715, 4, 64, '18MDSWE021', 'YES', 50),
(2716, 4, 64, '18MDSWE022', 'YES', 50),
(2717, 4, 64, '18MDSWE023', 'YES', 50),
(2718, 4, 64, '18MDSWE024', 'YES', 50),
(2719, 4, 64, '18MDSWE025', 'YES', 50),
(2720, 4, 64, '18MDSWE026', 'NO', 50),
(2721, 4, 64, '18MDSWE027', 'YES', 50),
(2722, 4, 64, '18MDSWE028', 'YES', 50),
(2723, 4, 64, '18MDSWE029', 'YES', 50),
(2724, 4, 64, '18MDSWE030', 'YES', 50),
(2725, 4, 64, '18MDSWE031', 'YES', 50),
(2726, 4, 64, '18MDSWE032', 'YES', 50),
(2727, 4, 64, '18MDSWE033', 'YES', 50),
(2728, 4, 64, '18MDSWE034', 'YES', 50),
(2729, 4, 64, '18MDSWE035', 'YES', 50),
(2730, 4, 64, '18MDSWE036', 'YES', 50),
(2731, 4, 64, '18MDSWE037', 'YES', 50),
(2732, 4, 64, '18MDSWE038', 'YES', 50),
(2733, 4, 64, '18MDSWE039', 'YES', 50),
(2734, 4, 64, '18MDSWE040', 'YES', 50),
(2735, 4, 64, '18MDSWE041', 'YES', 50),
(2736, 4, 64, '18MDSWE042', 'YES', 50),
(2737, 4, 64, '18MDSWE043', 'YES', 50),
(2738, 4, 64, '18MDSWE044', 'YES', 50),
(2739, 4, 64, '18MDSWE045', 'YES', 50),
(2740, 4, 64, '18MDSWE046', 'YES', 50),
(2741, 3, 151, '18MDSWE001', 'YES', 70),
(2742, 3, 151, '18MDSWE002', 'YES', 70),
(2743, 3, 151, '18MDSWE003', 'YES', 70),
(2744, 3, 151, '18MDSWE004', 'YES', 70),
(2745, 3, 151, '18MDSWE005', 'YES', 70),
(2746, 3, 151, '18MDSWE006', 'YES', 70),
(2747, 3, 151, '18MDSWE007', 'YES', 70),
(2748, 3, 151, '18MDSWE008', 'YES', 70),
(2749, 3, 151, '18MDSWE009', 'YES', 70),
(2750, 3, 151, '18MDSWE010', 'YES', 70),
(2751, 3, 151, '18MDSWE011', 'YES', 70),
(2752, 3, 151, '18MDSWE012', 'YES', 70),
(2753, 3, 151, '18MDSWE013', 'YES', 70),
(2754, 3, 151, '18MDSWE014', 'YES', 70),
(2755, 3, 151, '18MDSWE015', 'YES', 70),
(2756, 3, 151, '18MDSWE016', 'YES', 70),
(2757, 3, 151, '18MDSWE017', 'YES', 70),
(2758, 3, 151, '18MDSWE018', 'YES', 70),
(2759, 3, 151, '18MDSWE019', 'YES', 70),
(2760, 3, 151, '18MDSWE020', 'YES', 70),
(2761, 3, 151, '18MDSWE021', 'YES', 70),
(2762, 3, 151, '18MDSWE022', 'YES', 70),
(2763, 3, 151, '18MDSWE023', 'YES', 70),
(2764, 3, 151, '18MDSWE024', 'YES', 70),
(2765, 3, 151, '18MDSWE025', 'YES', 70),
(2766, 3, 151, '18MDSWE026', 'YES', 70),
(2767, 3, 151, '18MDSWE027', 'YES', 70),
(2768, 3, 151, '18MDSWE028', 'YES', 70),
(2769, 3, 151, '18MDSWE029', 'YES', 70),
(2770, 3, 151, '18MDSWE030', 'YES', 70),
(2771, 3, 151, '18MDSWE031', 'YES', 70),
(2772, 3, 151, '18MDSWE032', 'YES', 70),
(2773, 3, 151, '18MDSWE033', 'YES', 70),
(2774, 3, 151, '18MDSWE034', 'YES', 70),
(2775, 3, 151, '18MDSWE035', 'YES', 70),
(2776, 3, 151, '18MDSWE036', 'YES', 70),
(2777, 3, 151, '18MDSWE037', 'YES', 70),
(2778, 3, 151, '18MDSWE038', 'YES', 70),
(2779, 3, 151, '18MDSWE039', 'YES', 70),
(2780, 3, 151, '18MDSWE040', 'YES', 70),
(2781, 3, 151, '18MDSWE041', 'YES', 70),
(2782, 3, 151, '18MDSWE042', 'YES', 70),
(2783, 3, 151, '18MDSWE043', 'YES', 70),
(2784, 3, 151, '18MDSWE044', 'YES', 70),
(2785, 3, 151, '18MDSWE045', 'YES', 70),
(2786, 3, 151, '18MDSWE046', 'YES', 70),
(2787, 3, 151, '17MDSWE0686', 'YES', 70),
(2788, 3, 151, '17MDSWE0687', 'YES', 70),
(2789, 3, 151, '17MDSWE0688', 'YES', 70),
(2790, 3, 151, '17MDSWE0709', 'YES', 70),
(2791, 3, 151, '17MDSWE0711', 'YES', 70),
(2792, 3, 151, '14MDSWE0547', 'YES', 70),
(2793, 3, 151, '14MDSWE0548', 'YES', 70),
(2794, 3, 151, '17MDSWE0701', 'YES', 70),
(2795, 3, 151, '15MDSWE0559', 'YES', 70),
(2796, 3, 151, '16MDSWE0626', 'YES', 70),
(2797, 3, 151, '16MDSWE0663', 'YES', 70),
(2798, 3, 151, '14MDSWE0529', 'YES', 70),
(2799, 3, 152, '18MDSWE001', 'YES', 70),
(2800, 3, 152, '18MDSWE002', 'YES', 70),
(2801, 3, 152, '18MDSWE003', 'YES', 70),
(2802, 3, 152, '18MDSWE004', 'YES', 70),
(2803, 3, 152, '18MDSWE005', 'YES', 70),
(2804, 3, 152, '18MDSWE006', 'YES', 70),
(2805, 3, 152, '18MDSWE007', 'YES', 70),
(2806, 3, 152, '18MDSWE008', 'YES', 70),
(2807, 3, 152, '18MDSWE009', 'YES', 70),
(2808, 3, 152, '18MDSWE010', 'YES', 70),
(2809, 3, 152, '18MDSWE011', 'YES', 70),
(2810, 3, 152, '18MDSWE012', 'YES', 70),
(2811, 3, 152, '18MDSWE013', 'YES', 70),
(2812, 3, 152, '18MDSWE014', 'YES', 70),
(2813, 3, 152, '18MDSWE015', 'YES', 70),
(2814, 3, 152, '18MDSWE016', 'YES', 70),
(2815, 3, 152, '18MDSWE017', 'YES', 70),
(2816, 3, 152, '18MDSWE018', 'YES', 70),
(2817, 3, 152, '18MDSWE019', 'YES', 70),
(2818, 3, 152, '18MDSWE020', 'YES', 70),
(2819, 3, 152, '18MDSWE021', 'YES', 70),
(2820, 3, 152, '18MDSWE022', 'YES', 70),
(2821, 3, 152, '18MDSWE023', 'YES', 70),
(2822, 3, 152, '18MDSWE024', 'YES', 70),
(2823, 3, 152, '18MDSWE025', 'YES', 70),
(2824, 3, 152, '18MDSWE026', 'YES', 70),
(2825, 3, 152, '18MDSWE027', 'YES', 70),
(2826, 3, 152, '18MDSWE028', 'YES', 70),
(2827, 3, 152, '18MDSWE029', 'YES', 70),
(2828, 3, 152, '18MDSWE030', 'YES', 70),
(2829, 3, 152, '18MDSWE031', 'YES', 70),
(2830, 3, 152, '18MDSWE032', 'YES', 70),
(2831, 3, 152, '18MDSWE033', 'YES', 70),
(2832, 3, 152, '18MDSWE034', 'YES', 70),
(2833, 3, 152, '18MDSWE035', 'YES', 70),
(2834, 3, 152, '18MDSWE036', 'YES', 70),
(2835, 3, 152, '18MDSWE037', 'YES', 70),
(2836, 3, 152, '18MDSWE038', 'YES', 70),
(2837, 3, 152, '18MDSWE039', 'YES', 70),
(2838, 3, 152, '18MDSWE040', 'YES', 70),
(2839, 3, 152, '18MDSWE041', 'YES', 70),
(2840, 3, 152, '18MDSWE042', 'YES', 70),
(2841, 3, 152, '18MDSWE043', 'YES', 70),
(2842, 3, 152, '18MDSWE044', 'YES', 70),
(2843, 3, 152, '18MDSWE045', 'YES', 70),
(2844, 3, 152, '18MDSWE046', 'YES', 70),
(2845, 3, 152, '17MDSWE0686', 'YES', 70),
(2846, 3, 152, '17MDSWE0687', 'YES', 70),
(2847, 3, 152, '17MDSWE0688', 'YES', 70),
(2848, 3, 152, '17MDSWE0709', 'YES', 70),
(2849, 3, 152, '17MDSWE0711', 'YES', 70),
(2850, 3, 152, '14MDSWE0547', 'YES', 70),
(2851, 3, 152, '14MDSWE0548', 'YES', 70),
(2852, 3, 152, '17MDSWE0701', 'YES', 70),
(2853, 3, 152, '15MDSWE0559', 'YES', 70),
(2854, 3, 152, '16MDSWE0626', 'YES', 70),
(2855, 3, 152, '16MDSWE0663', 'YES', 70),
(2856, 3, 152, '14MDSWE0529', 'YES', 70),
(2857, 3, 153, '18MDSWE001', 'YES', 70),
(2858, 3, 153, '18MDSWE002', 'YES', 70),
(2859, 3, 153, '18MDSWE003', 'YES', 70),
(2860, 3, 153, '18MDSWE004', 'YES', 70),
(2861, 3, 153, '18MDSWE005', 'YES', 70),
(2862, 3, 153, '18MDSWE006', 'YES', 70),
(2863, 3, 153, '18MDSWE007', 'YES', 70),
(2864, 3, 153, '18MDSWE008', 'YES', 70),
(2865, 3, 153, '18MDSWE009', 'YES', 70),
(2866, 3, 153, '18MDSWE010', 'YES', 70),
(2867, 3, 153, '18MDSWE011', 'YES', 70),
(2868, 3, 153, '18MDSWE012', 'YES', 70),
(2869, 3, 153, '18MDSWE013', 'YES', 70),
(2870, 3, 153, '18MDSWE014', 'YES', 70),
(2871, 3, 153, '18MDSWE015', 'YES', 70),
(2872, 3, 153, '18MDSWE016', 'YES', 70),
(2873, 3, 153, '18MDSWE017', 'YES', 70),
(2874, 3, 153, '18MDSWE018', 'YES', 70),
(2875, 3, 153, '18MDSWE019', 'YES', 70),
(2876, 3, 153, '18MDSWE020', 'YES', 70),
(2877, 3, 153, '18MDSWE021', 'YES', 70),
(2878, 3, 153, '18MDSWE022', 'YES', 70),
(2879, 3, 153, '18MDSWE023', 'YES', 70),
(2880, 3, 153, '18MDSWE024', 'YES', 70),
(2881, 3, 153, '18MDSWE025', 'YES', 70),
(2882, 3, 153, '18MDSWE026', 'YES', 70),
(2883, 3, 153, '18MDSWE027', 'YES', 70),
(2884, 3, 153, '18MDSWE028', 'YES', 70),
(2885, 3, 153, '18MDSWE029', 'YES', 70),
(2886, 3, 153, '18MDSWE030', 'YES', 70),
(2887, 3, 153, '18MDSWE031', 'YES', 70),
(2888, 3, 153, '18MDSWE032', 'YES', 70),
(2889, 3, 153, '18MDSWE033', 'YES', 70),
(2890, 3, 153, '18MDSWE034', 'YES', 70),
(2891, 3, 153, '18MDSWE035', 'YES', 70),
(2892, 3, 153, '18MDSWE036', 'YES', 70),
(2893, 3, 153, '18MDSWE037', 'YES', 70),
(2894, 3, 153, '18MDSWE038', 'YES', 70),
(2895, 3, 153, '18MDSWE039', 'YES', 70),
(2896, 3, 153, '18MDSWE040', 'YES', 70),
(2897, 3, 153, '18MDSWE041', 'YES', 70),
(2898, 3, 153, '18MDSWE042', 'YES', 70),
(2899, 3, 153, '18MDSWE043', 'YES', 70),
(2900, 3, 153, '18MDSWE044', 'YES', 70),
(2901, 3, 153, '18MDSWE045', 'YES', 70),
(2902, 3, 153, '18MDSWE046', 'YES', 70),
(2903, 3, 153, '17MDSWE0686', 'YES', 70),
(2904, 3, 153, '17MDSWE0687', 'YES', 70),
(2905, 3, 153, '17MDSWE0688', 'YES', 70),
(2906, 3, 153, '17MDSWE0709', 'YES', 70),
(2907, 3, 153, '17MDSWE0711', 'YES', 70),
(2908, 3, 153, '14MDSWE0547', 'NO', 70),
(2909, 3, 153, '14MDSWE0548', 'YES', 70),
(2910, 3, 153, '17MDSWE0701', 'YES', 70),
(2911, 3, 153, '15MDSWE0559', 'YES', 70),
(2912, 3, 153, '16MDSWE0626', 'YES', 70),
(2913, 3, 153, '16MDSWE0663', 'YES', 70),
(2914, 3, 153, '14MDSWE0529', 'YES', 70),
(2915, 3, 154, '18MDSWE001', 'YES', 70),
(2916, 3, 154, '18MDSWE002', 'YES', 70),
(2917, 3, 154, '18MDSWE003', 'YES', 70),
(2918, 3, 154, '18MDSWE004', 'YES', 70),
(2919, 3, 154, '18MDSWE005', 'YES', 70),
(2920, 3, 154, '18MDSWE006', 'YES', 70),
(2921, 3, 154, '18MDSWE007', 'YES', 70),
(2922, 3, 154, '18MDSWE008', 'YES', 70),
(2923, 3, 154, '18MDSWE009', 'YES', 70),
(2924, 3, 154, '18MDSWE010', 'YES', 70),
(2925, 3, 154, '18MDSWE011', 'YES', 70),
(2926, 3, 154, '18MDSWE012', 'YES', 70),
(2927, 3, 154, '18MDSWE013', 'YES', 70),
(2928, 3, 154, '18MDSWE014', 'YES', 70),
(2929, 3, 154, '18MDSWE015', 'YES', 70),
(2930, 3, 154, '18MDSWE016', 'YES', 70),
(2931, 3, 154, '18MDSWE017', 'YES', 70),
(2932, 3, 154, '18MDSWE018', 'YES', 70),
(2933, 3, 154, '18MDSWE019', 'YES', 70),
(2934, 3, 154, '18MDSWE020', 'YES', 70),
(2935, 3, 154, '18MDSWE021', 'YES', 70),
(2936, 3, 154, '18MDSWE022', 'YES', 70),
(2937, 3, 154, '18MDSWE023', 'YES', 70),
(2938, 3, 154, '18MDSWE024', 'YES', 70),
(2939, 3, 154, '18MDSWE025', 'YES', 70),
(2940, 3, 154, '18MDSWE026', 'YES', 70),
(2941, 3, 154, '18MDSWE027', 'YES', 70),
(2942, 3, 154, '18MDSWE028', 'YES', 70),
(2943, 3, 154, '18MDSWE029', 'YES', 70),
(2944, 3, 154, '18MDSWE030', 'YES', 70),
(2945, 3, 154, '18MDSWE031', 'YES', 70),
(2946, 3, 154, '18MDSWE032', 'YES', 70),
(2947, 3, 154, '18MDSWE033', 'YES', 70),
(2948, 3, 154, '18MDSWE034', 'YES', 70),
(2949, 3, 154, '18MDSWE035', 'YES', 70),
(2950, 3, 154, '18MDSWE036', 'YES', 70),
(2951, 3, 154, '18MDSWE037', 'YES', 70),
(2952, 3, 154, '18MDSWE038', 'YES', 70),
(2953, 3, 154, '18MDSWE039', 'YES', 70),
(2954, 3, 154, '18MDSWE040', 'YES', 70),
(2955, 3, 154, '18MDSWE041', 'YES', 70),
(2956, 3, 154, '18MDSWE042', 'YES', 70),
(2957, 3, 154, '18MDSWE043', 'YES', 70),
(2958, 3, 154, '18MDSWE044', 'YES', 70),
(2959, 3, 154, '18MDSWE045', 'YES', 70),
(2960, 3, 154, '18MDSWE046', 'YES', 70),
(2961, 3, 154, '17MDSWE0686', 'YES', 70),
(2962, 3, 154, '17MDSWE0687', 'YES', 70),
(2963, 3, 154, '17MDSWE0688', 'YES', 70),
(2964, 3, 154, '17MDSWE0709', 'YES', 70),
(2965, 3, 154, '17MDSWE0711', 'YES', 70),
(2966, 3, 154, '14MDSWE0547', 'YES', 70),
(2967, 3, 154, '14MDSWE0548', 'YES', 70),
(2968, 3, 154, '17MDSWE0701', 'YES', 70),
(2969, 3, 154, '15MDSWE0559', 'YES', 70),
(2970, 3, 154, '16MDSWE0626', 'YES', 70),
(2971, 3, 154, '16MDSWE0663', 'YES', 70),
(2972, 3, 154, '14MDSWE0529', 'YES', 70),
(2973, 9, 155, '17MDSWE0665', 'NO', 70),
(2974, 9, 155, '17MDSWE0666', 'NO', 70),
(2975, 9, 155, '17MDSWE0667', 'NO', 70),
(2976, 9, 155, '17MDSWE0668', 'NO', 70),
(2977, 9, 155, '17MDSWE0669', 'NO', 70),
(2978, 9, 155, '17MDSWE0671', 'NO', 70),
(2979, 9, 155, '17MDSWE0672', 'NO', 70),
(2980, 9, 155, '17MDSWE0673', 'NO', 70),
(2981, 9, 155, '17MDSWE0674', 'NO', 70),
(2982, 9, 155, '17MDSWE0675', 'NO', 70),
(2983, 9, 155, '17MDSWE0676', 'NO', 70),
(2984, 9, 155, '17MDSWE0677', 'NO', 70),
(2985, 9, 155, '17MDSWE0678', 'NO', 70),
(2986, 9, 155, '17MDSWE0679', 'NO', 70),
(2987, 9, 155, '17MDSWE0680', 'NO', 70),
(2988, 9, 155, '17MDSWE0681', 'NO', 70),
(2989, 9, 155, '17MDSWE0682', 'NO', 70),
(2990, 9, 155, '17MDSWE0683', 'NO', 70),
(2991, 9, 155, '17MDSWE0684', 'NO', 70),
(2992, 9, 155, '17MDSWE0685', 'NO', 70),
(2993, 9, 155, '17MDSWE0686', 'NO', 70),
(2994, 9, 155, '17MDSWE0687', 'NO', 70),
(2995, 9, 155, '17MDSWE0688', 'NO', 70),
(2996, 9, 155, '17MDSWE0689', 'NO', 70),
(2997, 9, 155, '17MDSWE0690', 'NO', 70),
(2998, 9, 155, '17MDSWE0691', 'NO', 70),
(2999, 9, 155, '17MDSWE0692', 'NO', 70),
(3000, 9, 155, '17MDSWE0693', 'NO', 70),
(3001, 9, 155, '17MDSWE0694', 'NO', 70),
(3002, 9, 155, '17MDSWE0696', 'NO', 70),
(3003, 9, 155, '17MDSWE0697', 'NO', 70),
(3004, 9, 155, '17MDSWE0698', 'NO', 70),
(3005, 9, 155, '17MDSWE0699', 'NO', 70),
(3006, 9, 155, '17MDSWE0700', 'NO', 70),
(3007, 9, 155, '17MDSWE0701', 'NO', 70),
(3008, 9, 155, '17MDSWE0702', 'NO', 70),
(3009, 9, 155, '17MDSWE0703', 'NO', 70),
(3010, 9, 155, '17MDSWE0704', 'NO', 70),
(3011, 9, 155, '17MDSWE0705', 'NO', 70),
(3012, 9, 155, '17MDSWE0706', 'NO', 70),
(3013, 9, 155, '17MDSWE0707', 'NO', 70),
(3014, 9, 155, '17MDSWE0708', 'NO', 70),
(3015, 9, 155, '17MDSWE0709', 'NO', 70),
(3016, 9, 155, '17MDSWE0710', 'NO', 70),
(3017, 9, 155, '17MDSWE0711', 'NO', 70),
(3018, 9, 155, '17MDSWE0712', 'NO', 70),
(3019, 9, 155, '17MDSWE0713', 'NO', 70),
(3020, 9, 156, '17MDSWE0665', 'NO', 70),
(3021, 9, 156, '17MDSWE0666', 'NO', 70),
(3022, 9, 156, '17MDSWE0667', 'NO', 70),
(3023, 9, 156, '17MDSWE0668', 'NO', 70),
(3024, 9, 156, '17MDSWE0669', 'NO', 70),
(3025, 9, 156, '17MDSWE0671', 'NO', 70),
(3026, 9, 156, '17MDSWE0672', 'NO', 70),
(3027, 9, 156, '17MDSWE0673', 'NO', 70),
(3028, 9, 156, '17MDSWE0674', 'NO', 70),
(3029, 9, 156, '17MDSWE0675', 'NO', 70),
(3030, 9, 156, '17MDSWE0676', 'NO', 70),
(3031, 9, 156, '17MDSWE0677', 'NO', 70),
(3032, 9, 156, '17MDSWE0678', 'NO', 70),
(3033, 9, 156, '17MDSWE0679', 'NO', 70),
(3034, 9, 156, '17MDSWE0680', 'NO', 70),
(3035, 9, 156, '17MDSWE0681', 'NO', 70),
(3036, 9, 156, '17MDSWE0682', 'NO', 70),
(3037, 9, 156, '17MDSWE0683', 'NO', 70),
(3038, 9, 156, '17MDSWE0684', 'NO', 70),
(3039, 9, 156, '17MDSWE0685', 'NO', 70),
(3040, 9, 156, '17MDSWE0686', 'NO', 70),
(3041, 9, 156, '17MDSWE0687', 'NO', 70),
(3042, 9, 156, '17MDSWE0688', 'NO', 70),
(3043, 9, 156, '17MDSWE0689', 'NO', 70),
(3044, 9, 156, '17MDSWE0690', 'NO', 70),
(3045, 9, 156, '17MDSWE0691', 'NO', 70),
(3046, 9, 156, '17MDSWE0692', 'NO', 70),
(3047, 9, 156, '17MDSWE0693', 'NO', 70),
(3048, 9, 156, '17MDSWE0694', 'NO', 70),
(3049, 9, 156, '17MDSWE0696', 'NO', 70),
(3050, 9, 156, '17MDSWE0697', 'NO', 70),
(3051, 9, 156, '17MDSWE0698', 'NO', 70),
(3052, 9, 156, '17MDSWE0699', 'NO', 70),
(3053, 9, 156, '17MDSWE0700', 'NO', 70),
(3054, 9, 156, '17MDSWE0701', 'NO', 70),
(3055, 9, 156, '17MDSWE0702', 'NO', 70),
(3056, 9, 156, '17MDSWE0703', 'NO', 70),
(3057, 9, 156, '17MDSWE0704', 'NO', 70),
(3058, 9, 156, '17MDSWE0705', 'NO', 70),
(3059, 9, 156, '17MDSWE0706', 'NO', 70),
(3060, 9, 156, '17MDSWE0707', 'NO', 70),
(3061, 9, 156, '17MDSWE0708', 'NO', 70),
(3062, 9, 156, '17MDSWE0709', 'NO', 70),
(3063, 9, 156, '17MDSWE0710', 'NO', 70),
(3064, 9, 156, '17MDSWE0711', 'NO', 70),
(3065, 9, 156, '17MDSWE0712', 'NO', 70),
(3066, 9, 156, '17MDSWE0713', 'NO', 70),
(3067, 9, 157, '17MDSWE0665', 'NO', 70),
(3068, 9, 157, '17MDSWE0666', 'NO', 70),
(3069, 9, 157, '17MDSWE0667', 'NO', 70),
(3070, 9, 157, '17MDSWE0668', 'NO', 70),
(3071, 9, 157, '17MDSWE0669', 'NO', 70),
(3072, 9, 157, '17MDSWE0671', 'NO', 70),
(3073, 9, 157, '17MDSWE0672', 'NO', 70),
(3074, 9, 157, '17MDSWE0673', 'NO', 70),
(3075, 9, 157, '17MDSWE0674', 'NO', 70),
(3076, 9, 157, '17MDSWE0675', 'NO', 70),
(3077, 9, 157, '17MDSWE0676', 'NO', 70),
(3078, 9, 157, '17MDSWE0677', 'NO', 70),
(3079, 9, 157, '17MDSWE0678', 'NO', 70),
(3080, 9, 157, '17MDSWE0679', 'NO', 70),
(3081, 9, 157, '17MDSWE0680', 'NO', 70),
(3082, 9, 157, '17MDSWE0681', 'NO', 70),
(3083, 9, 157, '17MDSWE0682', 'NO', 70),
(3084, 9, 157, '17MDSWE0683', 'NO', 70),
(3085, 9, 157, '17MDSWE0684', 'NO', 70),
(3086, 9, 157, '17MDSWE0685', 'NO', 70),
(3087, 9, 157, '17MDSWE0686', 'NO', 70),
(3088, 9, 157, '17MDSWE0687', 'NO', 70),
(3089, 9, 157, '17MDSWE0688', 'NO', 70),
(3090, 9, 157, '17MDSWE0689', 'NO', 70),
(3091, 9, 157, '17MDSWE0690', 'NO', 70),
(3092, 9, 157, '17MDSWE0691', 'NO', 70),
(3093, 9, 157, '17MDSWE0692', 'NO', 70),
(3094, 9, 157, '17MDSWE0693', 'NO', 70),
(3095, 9, 157, '17MDSWE0694', 'NO', 70),
(3096, 9, 157, '17MDSWE0696', 'NO', 70),
(3097, 9, 157, '17MDSWE0697', 'NO', 70),
(3098, 9, 157, '17MDSWE0698', 'NO', 70),
(3099, 9, 157, '17MDSWE0699', 'NO', 70),
(3100, 9, 157, '17MDSWE0700', 'NO', 70),
(3101, 9, 157, '17MDSWE0701', 'NO', 70),
(3102, 9, 157, '17MDSWE0702', 'NO', 70),
(3103, 9, 157, '17MDSWE0703', 'NO', 70),
(3104, 9, 157, '17MDSWE0704', 'NO', 70),
(3105, 9, 157, '17MDSWE0705', 'NO', 70),
(3106, 9, 157, '17MDSWE0706', 'NO', 70),
(3107, 9, 157, '17MDSWE0707', 'NO', 70),
(3108, 9, 157, '17MDSWE0708', 'NO', 70),
(3109, 9, 157, '17MDSWE0709', 'NO', 70),
(3110, 9, 157, '17MDSWE0710', 'NO', 70),
(3111, 9, 157, '17MDSWE0711', 'NO', 70),
(3112, 9, 157, '17MDSWE0712', 'NO', 70),
(3113, 9, 157, '17MDSWE0713', 'NO', 70),
(3114, 2, 10, '15MDSWE0543', 'YES', 20);

-- --------------------------------------------------------

--
-- Table structure for table `clo_plo`
--

CREATE TABLE `clo_plo` (
  `clo_id` int(10) NOT NULL,
  `plo_id` int(10) NOT NULL
) ENGINE=InnoDB DEFAULT CHARSET=latin1;

--
-- Dumping data for table `clo_plo`
--

INSERT INTO `clo_plo` (`clo_id`, `plo_id`) VALUES
(0, 12),
(1, 3),
(2, 3),
(3, 3),
(4, 4),
(5, 1),
(6, 3),
(7, 3),
(9, 3),
(10, 1),
(11, 1),
(12, 1),
(13, 2),
(14, 2),
(15, 1),
(16, 1),
(17, 2),
(18, 3),
(19, 5),
(20, 5),
(21, 3),
(21, 5),
(22, 5),
(23, 5),
(24, 5),
(25, 3),
(26, 6),
(26, 9),
(27, 6),
(27, 9),
(28, 1),
(29, 3),
(30, 3),
(31, 3),
(32, 1),
(33, 3),
(34, 2),
(35, 1),
(36, 11),
(37, 9),
(38, 11),
(39, 1),
(39, 5),
(40, 1),
(40, 5),
(41, 2),
(42, 5),
(43, 3),
(44, 3),
(45, 1),
(46, 2),
(47, 1),
(47, 2),
(47, 5),
(48, 1),
(48, 5),
(49, 1),
(49, 5),
(50, 1),
(51, 1),
(52, 2),
(53, 3),
(53, 4),
(54, 1),
(55, 2),
(56, 3),
(57, 1),
(58, 1),
(59, 2),
(60, 5),
(61, 3),
(62, 12),
(63, 12),
(64, 8),
(64, 12),
(65, 6),
(66, 1),
(67, 4),
(68, 3),
(69, 3),
(70, 4),
(71, 4),
(72, 4),
(73, 8),
(74, 12),
(75, 6),
(76, 1),
(77, 4),
(77, 5),
(78, 1),
(79, 2),
(80, 2),
(81, 1),
(82, 1),
(83, 1),
(84, 1),
(85, 2),
(86, 1),
(87, 1),
(88, 2),
(89, 3),
(90, 1),
(91, 2),
(92, 2),
(93, 1),
(94, 1),
(95, 1),
(96, 2),
(97, 2),
(98, 2),
(99, 2),
(100, 1),
(101, 1),
(102, 1),
(103, 1),
(104, 2),
(105, 1),
(106, 1),
(107, 2),
(108, 1),
(109, 2),
(110, 1),
(111, 2),
(112, 1),
(113, 1),
(114, 2),
(115, 1),
(116, 1),
(117, 1),
(118, 3),
(119, 1),
(120, 1),
(121, 3),
(122, 1),
(123, 2),
(124, 1),
(125, 1),
(126, 3),
(127, 4),
(128, 1),
(129, 1),
(130, 2),
(131, 1),
(132, 1),
(133, 1),
(134, 1),
(135, 1),
(136, 2),
(138, 1),
(139, 2),
(140, 2),
(141, 1),
(142, 1),
(143, 1),
(144, 2),
(145, 1),
(146, 1),
(147, 2),
(148, 10),
(149, 10),
(150, 12),
(151, 10),
(152, 10),
(153, 10),
(154, 10),
(155, 8),
(156, 12),
(157, 12),
(158, 1),
(159, 1),
(160, 2),
(161, 3),
(162, 5),
(163, 1),
(164, 2),
(165, 3),
(166, 5),
(167, 1),
(168, 2),
(169, 1),
(170, 2),
(171, 1);

-- --------------------------------------------------------

--
-- Table structure for table `course`
--

CREATE TABLE `course` (
  `course_id` int(10) NOT NULL,
  `ccode` varchar(255) NOT NULL,
  `course_name` varchar(255) NOT NULL,
  `course_credit` int(2) NOT NULL,
  `semester` varchar(255) NOT NULL,
  `sem_number` int(10) NOT NULL DEFAULT '2',
  `department` varchar(255) NOT NULL,
  `type` varchar(255) NOT NULL
) ENGINE=InnoDB DEFAULT CHARSET=latin1;

--
-- Dumping data for table `course`
--

INSERT INTO `course` (`course_id`, `ccode`, `course_name`, `course_credit`, `semester`, `sem_number`, `department`, `type`) VALUES
(1, 'SE-101', 'Introduction to Computing', 2, 'Fall 2018', 1, 'CSE', 'Theory'),
(2, 'SE-102', 'Introduction to Programming', 3, 'Fall 2018', 1, 'CSE', 'Theory'),
(3, 'BSI-142', 'English Composition & Comprehension', 3, 'Fall 2018', 1, 'CSE', 'Theory'),
(4, 'BS-101', 'Islamic Studies', 2, 'Fall 2018', 1, 'CSE', 'Theory'),
(5, 'BSI-122', 'Calculus', 3, 'Fall 2018', 1, 'CSE', 'Theory'),
(6, 'SE-202', 'Data Structures and Algorithms', 3, 'Fall 2018', 3, 'CSE', 'Theory'),
(7, 'SE-203', 'Digital Logic Design', 3, 'Fall 2018', 3, 'CSE', 'Theory'),
(8, 'SE-204', 'Introduction to Software Engineering', 3, 'Fall 2018', 3, 'CSE', 'Theory'),
(9, 'BSI-110', 'Pakistan Studies', 2, 'Spring 2019', 3, 'CSE', 'Theory'),
(10, 'BSI-111', 'Linear Algebra', 3, 'Fall 2018', 3, 'CSE', 'Theory'),
(11, 'SE-301', 'Web Engineering', 3, 'Fall 2018', 5, 'CSE', 'Theory'),
(12, 'SE-207', 'Software Requirement Engineering', 3, 'Fall 2018', 5, 'CSE', 'Theory'),
(13, 'SE-304', 'Operating Systems', 3, 'Fall 2018', 5, 'CSE', 'Theory'),
(14, 'SE-210', 'Technical Writing for Software Engineers', 3, 'Fall 2018', 5, 'CSE', 'Theory'),
(15, 'BSI-351', 'Probability & Statistics', 3, 'Fall 2018', 5, 'CSE', 'Theory'),
(16, 'SE-401', 'Human Computer Interaction', 3, 'Fall 2018', 7, 'CSE', 'Theory'),
(17, 'SE-402', 'Software Project Management', 3, 'Fall 2018', 7, 'CSE', 'Theory'),
(18, 'SE-406', 'Formal Methods', 3, 'Fall 2018', 7, 'CSE', 'Theory'),
(19, 'BSI-401', 'Human Resource Management', 2, 'Fall 2018', 7, 'CSE', 'Theory'),
(20, 'SE-101L', 'Introduction to Computing LAB', 1, 'Fall 2018', 1, 'CSE', 'Lab'),
(21, 'SE-102L', 'Introduction to Programming LAB', 1, 'Fall 2018', 1, 'CSE', 'Lab'),
(22, 'SE-202L', 'Data Structures and Algorithms LAB', 1, 'Fall 2018', 3, 'CSE', 'Lab'),
(23, 'SE-203L', 'Digital Logic Design LAB', 1, 'Fall 2018', 3, 'CSE', 'Lab'),
(24, 'SE-301L', 'Web Engineering LAB', 1, 'Fall 2018', 5, 'CSE', 'Lab'),
(25, 'SE-304L', 'Operating Systems LAB', 1, 'Fall 2018', 5, 'CSE', 'Lab'),
(26, 'SE-409', 'Enterprise Security Architecture', 3, 'Spring 2019', 8, 'CSE', 'Theory'),
(27, 'SE-803', 'Computer Interactive Graphics', 3, 'Spring 2019', 8, 'CSE', 'Theory'),
(28, 'SE-803L', 'Computer Interactive Graphics Lab', 1, 'Spring 2019', 8, 'CSE', 'Lab'),
(29, 'BSI-', 'Economics ', 2, 'Spring 2019', 8, 'CSE', 'Theory'),
(30, 'SE-309', 'Entrepreneurship ', 2, 'Spring 2019', 8, 'CSE', 'Theory'),
(31, 'SE-103', ' Discrete Structures', 3, 'Spring 2019', 2, 'CSE', 'Theory'),
(32, 'BSI-304', 'Principles of Management ', 3, 'Spring 2019', 2, 'CSE', 'Theory'),
(33, 'BSI-181', ' Applied Physics ', 3, 'Spring 2019', 2, 'CSE', 'Theory'),
(34, 'SE-104', 'Object Oriented Programming ', 3, 'Spring 2019', 2, 'CSE', 'Theory'),
(35, 'SE-104L', 'Object Oriented Programming Lab', 1, 'Spring 2019', 2, 'CSE', 'Lab'),
(36, 'BSI-143', ' Communication & Presentation Skills ', 3, 'Spring 2019', 2, 'CSE', 'Theory'),
(37, 'SE-205', ' Computer Organization & Architecture ', 3, 'Spring 2019', 4, 'CSE', 'Theory'),
(38, 'SE-205L', 'Computer Organization & Architecture Lab', 1, 'Spring 2019', 4, 'CSE', 'Lab'),
(39, 'SE-206', 'Software Construction ', 2, 'Spring 2019', 4, 'CSE', 'Theory'),
(40, 'SE-206L', 'Software Construction Lab', 1, 'Spring 2019', 4, 'CSE', 'Lab'),
(41, 'SE-209', 'Introduction to Database Systems ', 3, 'Spring 2019', 4, 'CSE', 'Theory'),
(42, 'SE-209L', 'Introduction to Database Systems Lab', 1, 'Spring 2019', 4, 'CSE', 'Lab'),
(43, 'BSI-304', 'Principles of Management ', 3, 'Spring 2019', 4, 'CSE', 'Theory'),
(44, 'BSI-231', 'Differential Equations', 3, 'Spring 2019', 4, 'CSE', 'Theory'),
(45, 'SE-305', 'Computer Communication  & Networks ', 3, 'Spring 2019', 6, 'CSE', 'Theory'),
(46, 'SE-305L', 'Computer Communication  & Networks Lab', 1, 'Spring 2019', 6, 'CSE', 'Lab'),
(47, 'SE-311', 'Embedded & Real Time System', 3, 'Spring 2019', 6, 'CSE', 'Theory'),
(48, 'SE-307', 'Software Quality Engineering ', 3, 'Spring 2019', 6, 'CSE', 'Theory'),
(49, 'SE-302', 'Software Design & Architecture ', 2, 'Spring 2019', 6, 'CSE', 'Theory'),
(50, 'SE-302L', 'Software Design & Architecture Lab', 1, 'Spring 2019', 6, 'CSE', 'Lab'),
(51, 'BSI-135', 'Psychology ', 3, 'Spring 2019', 6, 'CSE', 'Theory'),
(52, 'BSI-242', 'Numerical Analysis ', 3, 'Spring 2019', 6, 'CSE', 'Theory'),
(54, 'BSI-242', 'Numerical Analysis', 3, 'Spring 2019', 8, '1', 'Theory'),
(55, 'TE-406', 'Digital Image Processing', 3, 'Spring 2019', 8, '1', 'Theory'),
(56, 'TE-407', 'Organizational Behavior', 3, 'Spring 2019', 8, '1', 'Theory'),
(57, 'TE-204', 'Probability Methods in Engineering', 3, 'Spring 2019', 4, '1', 'Theory'),
(58, 'TE-205', 'Signals & Systems', 3, 'Spring 2019', 4, '1', 'Theory'),
(59, 'TE-206', 'Amplifiers & Oscillators', 3, 'Spring 2019', 4, '1', 'Theory'),
(60, 'TE-207', 'Digital Logic Design', 3, 'Spring 2019', 4, '1', 'Theory'),
(61, 'BSI-172', 'Multivariable Calculus', 3, 'Spring 2019', 4, '1', 'Theory'),
(63, 'BSI-111', 'Linear Algebra', 3, 'Spring 2019', 2, '1', 'Theory'),
(64, 'TE-102', 'Circuit Analysis', 3, 'Spring 2019', 2, '1', 'Theory'),
(65, 'TE-103', 'OOP and Data Structures', 3, 'Spring 2019', 2, '1', 'Theory'),
(67, 'EE-286', 'Technical Report Writing (Communication)', 3, 'Spring 2019', 6, '3', 'Theory'),
(68, 'CSE-303', 'Data Communication', 3, 'Spring 2019', 6, '3', 'Theory'),
(69, 'EE-388', 'Engineering Management (Communication)', 2, 'Spring 2019', 6, '3', 'Theory'),
(70, 'EE-391', 'Communication System (Communication)', 3, 'Spring 2019', 6, '3', 'Theory'),
(71, 'EE-205', 'Electrical Power Generation & Utilization ', 3, 'Spring 2019', 6, '3', 'Theory'),
(72, 'CE-230', 'Hydraulics & Hydraulics Machinery', 3, 'Spring 2019', 6, '3', 'Theory'),
(73, 'BSI-111', 'Linear Algebra', 3, 'Spring 2019', 2, '3', 'Theory'),
(74, 'EE-156', 'Basic Electrical Engineering', 3, 'Spring 2019', 2, '3', 'Theory'),
(75, 'EE-170', 'Computer Programming', 3, 'Spring 2019', 2, '3', 'Theory'),
(76, 'BSI-162', 'Engineering Mechanics', 3, 'Spring 2019', 2, '3', 'Theory'),
(77, 'EE-157', 'Workshop Technology', 1, 'Spring 2019', 2, '3', 'Theory'),
(78, 'BSI-110', 'Pak Studies', 2, 'Spring 2019', 2, '3', 'Theory'),
(79, 'EE-481', 'Control System (Communication)', 3, 'Spring 2019', 8, '3', 'Theory'),
(80, 'EE-392', 'Digital Communications', 3, 'Spring 2019', 8, '3', 'Theory'),
(81, 'EE-401', 'Power Transmission & Distribution', 3, 'Spring 2019', 8, '3', 'Theory'),
(82, 'EE-403', 'High Voltage Engineering', 3, 'Spring 2019', 8, '3', 'Theory'),
(83, 'EE-202', 'Probability & Random Variables (Communication)', 3, 'Spring 2019', 4, '3', 'Theory'),
(84, 'EE-236', 'Microprocessor & Microcontroller Based System Design (Power)', 3, 'Spring 2019', 4, '3', 'Theory'),
(85, 'BSI-242', 'Numerical Analysis (Communication)', 3, 'Spring 2019', 4, '3', 'Theory'),
(86, 'EE-345', 'Electronic Devices & Circuits (Communication)', 3, 'Spring 2019', 4, '3', 'Theory'),
(87, 'EE-312', 'Signal & System (Power)', 3, 'Spring 2019', 6, '3', 'Theory'),
(88, 'EE-312', 'Signal & System (Communication)', 3, 'Spring 2019', 6, '3', 'Theory'),
(89, 'EE-202', 'Probability & Random Variables (Power)', 3, 'Spring 2019', 4, '3', 'Theory'),
(90, 'EE-326', 'Microprocessor & Microcontroller Based System Design (Communication)', 3, 'Spring 2019', 4, '3', 'Theory'),
(91, 'BSI-242', 'Numerical Analysis (Power)', 3, 'Spring 2019', 4, '3', 'Theory'),
(92, 'EE-201', 'Circuit Analysis II (Communication)', 3, 'Spring 2019', 4, '3', 'Theory'),
(93, 'EE-201', 'Circuit Analysis II (Power)', 3, 'Spring 2019', 4, '3', 'Theory'),
(94, 'EE-345', 'Electronic Devices & Circuits (Power)', 3, 'Spring 2019', 4, '3', 'Theory'),
(95, 'EE-286', 'Technical Report Writing (Power)', 3, 'Spring 2019', 6, '3', 'Theory'),
(97, 'EE-388', 'Engineering Management (Power)', 2, 'Spring 2019', 6, '3', 'Theory'),
(98, 'EE-391', 'Communication System (Power)', 3, 'Spring 2019', 6, '3', 'Theory'),
(99, 'EE-481', 'Control System (Power)', 3, 'Spring 2019', 8, '3', 'Theory'),
(100, 'TE-103L', 'OOP and Data Structures (Lab)', 1, 'Spring 2019', 2, '1', 'Lab'),
(101, 'TE-102L', 'Circuit Analysis (Lab)', 1, 'Spring 2019', 2, '1', 'Lab'),
(102, 'BSI-143', 'Communication and Presentation Skills', 3, 'Spring 2019', 2, '1', 'Theory'),
(103, 'TE-104L', 'Computer Aided Engineering Drawing', 1, 'Spring 2019', 2, '1', 'Lab'),
(104, 'TE-105L', 'Electric Workshop (Lab)', 1, 'Spring 2019', 2, '1', 'Lab'),
(105, 'BSI-120', 'Professional Ethics', 2, 'Spring 2019', 2, '1', 'Theory'),
(106, 'TE-206L', 'Amplifiers & Oscillators (Lab)', 1, 'Spring 2019', 4, '1', 'Lab'),
(107, 'TE-207L', 'Digital Logic Design (Lab)', 1, 'Spring 2019', 4, '1', 'Lab'),
(108, 'TE-305', 'Digital Communication', 3, 'Spring 2019', 6, '1', 'Theory'),
(109, 'TE-305L', 'Digital Communication (Lab)', 1, 'Spring 2019', 6, '1', 'Lab'),
(110, 'TE-306', 'Wireless & Mobile Communication', 3, 'Spring 2019', 6, '1', 'Theory'),
(111, 'TE-307', 'Antennas and Wave Propagation', 3, 'Spring 2019', 6, '1', 'Theory'),
(112, 'TE-307L', 'Antennas and Wave Propagation (Lab)', 1, 'Spring 2019', 6, '1', 'Lab'),
(113, 'TE-308', 'Microprocessors and Interfacing Techniques', 3, 'Spring 2019', 6, '1', 'Theory'),
(114, 'TE-308L', 'Microprocessors and Interfacing Techniques Lab', 1, 'Spring 2019', 6, '1', 'Lab'),
(115, 'TE-309', 'Engineering Management', 3, 'Spring 2019', 6, '1', 'Theory');

-- --------------------------------------------------------

--
-- Table structure for table `department`
--

CREATE TABLE `department` (
  `department_id` int(15) NOT NULL,
  `department_name` text NOT NULL,
  `department_status` varchar(255) NOT NULL,
  `programs` varchar(255) NOT NULL,
  `pregroup` varchar(255) NOT NULL
) ENGINE=InnoDB DEFAULT CHARSET=latin1;

--
-- Dumping data for table `department`
--

INSERT INTO `department` (`department_id`, `department_name`, `department_status`, `programs`, `pregroup`) VALUES
(1, 'Telecommunication Engineering', 'enabled', 'both', 'engineering'),
(2, 'Computer Software Engineering', 'enabled', 'open', 'cs'),
(3, 'Electrical Engineering (power)', 'enabled', 'both', 'engineering'),
(4, 'Electrical Engineering (communication)', 'enabled', 'both', 'engineering');

-- --------------------------------------------------------

--
-- Table structure for table `exam_score`
--

CREATE TABLE `exam_score` (
  `id` int(11) NOT NULL,
  `schedule_no` int(11) NOT NULL,
  `std_id` varchar(255) NOT NULL,
  `obtained_marks` int(11) NOT NULL
) ENGINE=InnoDB DEFAULT CHARSET=latin1;

--
-- Dumping data for table `exam_score`
--

INSERT INTO `exam_score` (`id`, `schedule_no`, `std_id`, `obtained_marks`) VALUES
(1, 1, '15mdswe0543', 8),
(3, 7, '15mdswe0543', 8),
(4, 8, '15mdswe0593', 7),
(5, 4, '15mdswe0543', 7),
(6, 4, '15mdswe0593', 5),
(7, 9, '15mdsweo573', 8),
(8, 17, '15mdswe0543', 8),
(9, 17, '15mdswe0593', 5),
(10, 17, '15mdswe0543', 7),
(11, 10, '15MDSWE0570', 10),
(12, 15, '15MDSWE0570', 22);

-- --------------------------------------------------------

--
-- Table structure for table `plo`
--

CREATE TABLE `plo` (
  `plo_id` int(10) NOT NULL,
  `plo_no` varchar(255) NOT NULL,
  `plo_desc` varchar(255) NOT NULL
) ENGINE=InnoDB DEFAULT CHARSET=latin1;

--
-- Dumping data for table `plo`
--

INSERT INTO `plo` (`plo_id`, `plo_no`, `plo_desc`) VALUES
(1, 'PLO 1', 'Engineering Knowledge'),
(2, 'PLO 2', 'Problem Analysis'),
(3, 'PLO 3', 'Design/Development of Solutions'),
(4, 'PLO 4', 'Investigation'),
(5, 'PLO 5', 'Modern Tool Usage'),
(6, 'PLO 6', 'The Engineer and Society'),
(7, 'PLO 7', 'Environment and Sustainability'),
(8, 'PLO 8', 'Ethics'),
(9, 'PLO 9', 'Individual and Team Work'),
(10, 'PLO 10', 'Communication'),
(11, 'PLO 11', 'Project Management'),
(12, 'PLO 12', 'Lifelong Learning');

-- --------------------------------------------------------

--
-- Table structure for table `schedule`
--

CREATE TABLE `schedule` (
  `s_no` int(11) NOT NULL,
  `course_id` int(11) NOT NULL,
  `exam_type` varchar(255) NOT NULL,
  `A/Q_no` int(11) NOT NULL,
  `total_marks` int(11) NOT NULL,
  `date` date NOT NULL
) ENGINE=InnoDB DEFAULT CHARSET=latin1;

--
-- Dumping data for table `schedule`
--

INSERT INTO `schedule` (`s_no`, `course_id`, `exam_type`, `A/Q_no`, `total_marks`, `date`) VALUES
(1, 2, 'quiz', 1, 10, '2019-05-01'),
(2, 13, 'assignment', 1, 10, '2019-06-01'),
(3, 13, 'quiz', 1, 10, '2019-06-07'),
(4, 7, 'assignment', 1, 15, '2019-06-01'),
(5, 7, 'quiz', 1, 10, '2019-06-07'),
(7, 2, 'quiz', 3, 10, '2019-05-08'),
(8, 2, 'assignment', 1, 10, '2019-05-01'),
(9, 2, 'assignment', 2, 10, '2019-05-08'),
(10, 13, 'quiz', 2, 15, '2019-05-01'),
(11, 13, 'quiz', 3, 10, '2019-05-08'),
(12, 13, 'quiz', 4, 10, '2019-05-15'),
(13, 13, 'assignment', 2, 10, '2019-05-08'),
(14, 2, 'quiz', 2, 10, '2019-05-01'),
(15, 13, 'mid term', 0, 25, '2019-06-01'),
(16, 13, 'final term', 0, 50, '2019-06-16');

-- --------------------------------------------------------

--
-- Table structure for table `student`
--

CREATE TABLE `student` (
  `std_id` int(10) NOT NULL,
  `std_regno` varchar(255) NOT NULL,
  `std_batch` int(3) NOT NULL,
  `std_name` varchar(255) NOT NULL,
  `std_dept` varchar(255) NOT NULL DEFAULT 'CSE',
  `stream` varchar(255) DEFAULT NULL
) ENGINE=InnoDB DEFAULT CHARSET=latin1;

--
-- Dumping data for table `student`
--

INSERT INTO `student` (`std_id`, `std_regno`, `std_batch`, `std_name`, `std_dept`, `stream`) VALUES
(1, '15MDSWE0549', 14, 'SHIRAZ AHMED', 'CSE', NULL),
(2, '15MDSWE0550', 14, 'NOMAN ARSHAD', 'CSE', NULL),
(3, '15MDSWE0551', 14, 'UMMAR UL HASSAN', 'CSE', NULL),
(4, '15MDSWE0552', 14, 'AMAD ATIQ', 'CSE', NULL),
(5, '15MDSWE0553', 14, 'MUHAMMAD SHAHZEB KHAN', 'CSE', NULL),
(6, '15MDSWE0554', 14, 'AYUB KHAN', 'CSE', NULL),
(7, '15MDSWE0555', 14, 'MUHAMMAD AQIB', 'CSE', NULL),
(8, '15MDSWE0556', 14, 'MUHAMMAD MAZHAR ALI', 'CSE', NULL),
(9, '15MDSWE0557', 14, 'MUJEEB UR RAHMAN', 'CSE', NULL),
(10, '15MDSWE0558', 14, 'SHAHID IQBAL', 'CSE', NULL),
(11, '15MDSWE0559', 14, 'MUHAMMAD ADIL', 'CSE', NULL),
(12, '15MDSWE0560', 14, 'BAKHTIAR KHAN', 'CSE', NULL),
(13, '15MDSWE0561', 14, 'ABID NAWAZ KHAN', 'CSE', NULL),
(14, '15MDSWE0562', 14, 'SULIMAN HUSSAIN', 'CSE', NULL),
(15, '15MDSWE0563', 14, 'ABBAS JAMIL', 'CSE', NULL),
(16, '15MDSWE0564', 14, 'SIKANDAR HAYAT', 'CSE', NULL),
(17, '15MDSWE0565', 14, 'ZAIR ULLAH', 'CSE', NULL),
(18, '15MDSWE0566', 14, 'FAISAL ISRAR', 'CSE', NULL),
(19, '15MDSWE0567', 14, 'MUHAMMAD USMAN', 'CSE', NULL),
(20, '15MDSWE0568', 14, 'FAZAL MEHMOOD', 'CSE', NULL),
(21, '15MDSWE0569', 14, 'WASEEL UD DIN', 'CSE', NULL),
(22, '15MDSWE0570', 14, 'IKRAMULLAH ', 'CSE', NULL),
(23, '15MDSWE0571', 14, 'RASHEED AHMAD', 'CSE', NULL),
(24, '15MDSWE0572', 14, 'S. MUFASSIR SHAH', 'CSE', NULL),
(25, '15MDSWE0573', 14, 'MUHAMMAD KASHIF', 'CSE', NULL),
(26, '15MDSWE0574', 14, 'MUHAMMAD ABBAS KHAN', 'CSE', NULL),
(27, '15MDSWE0575', 14, 'RAJA MUHAMMAD FAIZAN', 'CSE', NULL),
(28, '15MDSWE0576', 14, 'SYED IJLAL AYUB', 'CSE', NULL),
(29, '15MDSWE0577', 14, 'IHSAN ULLAH', 'CSE', NULL),
(30, '15MDSWE0578', 14, 'OSAMA IDREES   ', 'CSE', NULL),
(31, '15MDSWE0579', 14, 'RAZA ULLAH ', 'CSE', NULL),
(32, '15MDSWE0580', 14, 'FAISAL BEHRAM', 'CSE', NULL),
(33, '15MDSWE0581', 14, 'SHADAB ALI KHAN', 'CSE', NULL),
(34, '15MDSWE0582', 14, 'MUHAMMAD MUSTAFA', 'CSE', NULL),
(35, '15MDSWE0583', 14, 'HASNAIN UD DIN BILAL', 'CSE', NULL),
(36, '15MDSWE0584', 14, 'HAIDER ABBAS', 'CSE', NULL),
(37, '15MDSWE0586', 14, 'ZAHOOR GHANI', 'CSE', NULL),
(38, '15MDSWE0587', 14, 'MUHAMMAD HAMZA', 'CSE', NULL),
(39, '15MDSWE0588', 14, 'SAEEDUL HAQ', 'CSE', NULL),
(40, '15MDSWE0589', 14, 'MUHAMMAD SHAFAAT', 'CSE', NULL),
(41, '15MDSWE0590', 14, 'RAHEEL ZAMAN', 'CSE', NULL),
(42, '15MDSWE0591', 14, 'SHAKIR FAISAL', 'CSE', NULL),
(43, '15MDSWE0592', 14, 'ASAD ULLLAH', 'CSE', NULL),
(44, '15MDSWE0593', 14, 'NAEEMULLAH', 'CSE', NULL),
(45, '15MDSWE0594', 14, 'FAROOQ KHAN', 'CSE', NULL),
(46, '15MDSWE0595', 14, 'SHEHRYAR', 'CSE', NULL),
(47, '15MDSWE0596', 14, 'HALEEMA RAHMAN (Fata)', 'CSE', NULL),
(48, '15MDSWE0597', 14, 'MUHAMMAD ZUBAIR', 'CSE', NULL),
(49, '15MDSWE0598', 14, 'ABDULLAH NAWAB', 'CSE', NULL),
(50, '15MDSWE0599', 14, 'HAMID ALI', 'CSE', NULL),
(51, '15MDSWE0600', 14, 'NASRULLAH', 'CSE', NULL),
(52, '15MDSWE0601', 14, 'SHANZA GHAFOOR (Fata)', 'CSE', NULL),
(53, '15MDSWE0603', 14, 'BILAL AHMAD', 'CSE', NULL),
(54, '15MDSWE0604', 14, 'MUHAMMAD USAMA TARIQ (Ajk)', 'CSE', NULL),
(55, '16MDSWE0605', 15, 'FARAN ARSHAD CHOHAN', 'CSE', NULL),
(56, '16MDSWE0606', 15, 'BILAL AHMAD', 'CSE', NULL),
(57, '16MDSWE0607', 15, 'MUHAMMAD USMAN ARIF', 'CSE', NULL),
(58, '16MDSWE0608', 15, 'HAMID ALI', 'CSE', NULL),
(59, '16MDSWE0609', 15, 'NOOR ALAM', 'CSE', NULL),
(60, '16MDSWE0610', 15, 'MIR FARHAN AHMAD', 'CSE', NULL),
(61, '16MDSWE0611', 15, 'NIDA REHMAN ', 'CSE', NULL),
(62, '16MDSWE0612', 15, 'NASIRUD DIN', 'CSE', NULL),
(63, '16MDSWE0614', 15, 'HUSSAIN ABDULLAH ALI ', 'CSE', NULL),
(64, '16MDSWE0615', 15, 'MATI ULLAH', 'CSE', NULL),
(65, '16MDSWE0616', 15, 'MINAHIL KHAN BANGASH ', 'CSE', NULL),
(66, '16MDSWE0617', 15, 'IZAZ UL HAQ', 'CSE', NULL),
(67, '16MDSWE0618', 15, 'ZUBAIR ARSHAD', 'CSE', NULL),
(68, '16MDSWE0619', 15, 'MUSTAFA AHMAD', 'CSE', NULL),
(69, '16MDSWE0620', 15, 'BASIT KHAN', 'CSE', NULL),
(70, '16MDSWE0621', 15, 'HAMDOON SHAFIEEN', 'CSE', NULL),
(71, '16MDSWE0622', 15, 'MAHNOOR FAISAL', 'CSE', NULL),
(72, '16MDSWE0623', 15, 'JIBRAN ULLAH', 'CSE', NULL),
(73, '16MDSWE0624', 15, 'AFTAB', 'CSE', NULL),
(74, '16MDSWE0626', 15, 'IETEZAZ UL HASSAN', 'CSE', NULL),
(75, '16MDSWE0627', 15, 'FAISAL KHAWAJ', 'CSE', NULL),
(76, '16MDSWE0628', 15, 'LAIBA GILLANI', 'CSE', NULL),
(77, '16MDSWE0629', 15, 'SABAHAT TANVEER', 'CSE', NULL),
(78, '16MDSWE0630', 15, 'MUHAMMAD ASHFAQ', 'CSE', NULL),
(79, '16MDSWE0631', 15, 'SHAHZAD HAIDER', 'CSE', NULL),
(80, '16MDSWE0632', 15, 'FAWAD KHAN', 'CSE', NULL),
(81, '16MDSWE0633', 15, 'JAMAL UD DIN', 'CSE', NULL),
(82, '16MDSWE0634', 15, 'HAMID KHAN', 'CSE', NULL),
(83, '16MDSWE0635', 15, 'SYEDA MARWA HASSAN', 'CSE', NULL),
(84, '16MDSWE0636', 15, 'ARSHAD IQBAL', 'CSE', NULL),
(85, '16MDSWE0638', 15, 'HUSNAIN QURESHI', 'CSE', NULL),
(86, '16MDSWE0639', 15, 'NASIR AHMAD KHAN', 'CSE', NULL),
(87, '16MDSWE0640', 15, 'MUHAMMAD ASAD KHAN', 'CSE', NULL),
(88, '16MDSWE0641', 15, 'ABDUL BASIT', 'CSE', NULL),
(89, '16MDSWE0642', 15, 'OBAID ULLAH', 'CSE', NULL),
(90, '16MDSWE0643', 15, 'GHULAM ALI', 'CSE', NULL),
(91, '16MDSWE0644', 15, 'AHTESHAM UL HAQ', 'CSE', NULL),
(92, '16MDSWE0645', 15, 'ABDUL MAJID', 'CSE', NULL),
(93, '16MDSWE0646', 15, 'MUSHTAQ AHMAD', 'CSE', NULL),
(94, '16MDSWE0647', 15, 'WASIM AKRAM', 'CSE', NULL),
(95, '16MDSWE0648', 15, 'HAROON UR RASHEED', 'CSE', NULL),
(96, '16MDSWE0649', 15, 'FIZZA  RASHEED', 'CSE', NULL),
(97, '16MDSWE0650', 15, 'KAINAT NAEEM', 'CSE', NULL),
(98, '16MDSWE0651', 15, 'ZUBAIR AHMAD SHAMS', 'CSE', NULL),
(99, '16MDSWE0652', 15, 'SAAD SAQIB', 'CSE', NULL),
(100, '16MDSWE0653', 15, 'RUKHSAR ALI', 'CSE', NULL),
(101, '16MDSWE0654', 15, 'MUHAMMAD USMAN', 'CSE', NULL),
(102, '16MDSWE0655', 15, 'MUHAMMAD IBRAR', 'CSE', NULL),
(103, '16MDSWE0656', 15, 'SAIF ULLAH', 'CSE', NULL),
(104, '16MDSWE0657', 15, 'SHADAB ANWAR', 'CSE', NULL),
(105, '16MDSWE0658', 15, 'AWAIS KARAM', 'CSE', NULL),
(106, '16MDSWE0659', 15, 'SIDDIQA QURESHI', 'CSE', NULL),
(107, '16MDSWE0660', 15, 'MUHAMMAD IQBAL (Fata)', 'CSE', NULL),
(108, '16MDSWE0662', 15, 'NEELUM HASSAN RANA (Ajk) ', 'CSE', NULL),
(109, '16MDSWE0663', 15, 'HAIDER ABBAS (Fata) ) ', 'CSE', NULL),
(110, '16MDSWE0664', 15, 'GULAB SHAH (Fata) ', 'CSE', NULL),
(111, '17MDSWE0665', 16, 'USMAN NAWAZ', 'CSE', NULL),
(112, '17MDSWE0666', 16, 'SAIFULLAH SAIF', 'CSE', NULL),
(113, '17MDSWE0667', 16, 'MUHAMMAD AQIB', 'CSE', NULL),
(114, '17MDSWE0668', 16, 'SAAD WASEEM', 'CSE', NULL),
(115, '17MDSWE0669', 16, 'ABDUL SAMAD', 'CSE', NULL),
(116, '17MDSWE0671', 16, 'ZAFAR AHMAD KHAN', 'CSE', NULL),
(117, '17MDSWE0672', 16, 'MUHAMMAD AMIN', 'CSE', NULL),
(118, '17MDSWE0673', 16, 'SYED ASMAR HAIDER', 'CSE', NULL),
(119, '17MDSWE0674', 16, 'SAYED SIKANDAR SHAH', 'CSE', NULL),
(120, '17MDSWE0675', 16, 'MISBAH ULLAH', 'CSE', NULL),
(121, '17MDSWE0676', 16, 'ABDUL SAMAD KHAN', 'CSE', NULL),
(122, '17MDSWE0677', 16, 'WAJIHA SAIF', 'CSE', NULL),
(123, '17MDSWE0678', 16, 'MUHAMMAD ASAD', 'CSE', NULL),
(124, '17MDSWE0679', 16, 'MUHAMMAD ADNAN', 'CSE', NULL),
(125, '17MDSWE0680', 16, 'FARAZ AHMAD KHAN', 'CSE', NULL),
(126, '17MDSWE0681', 16, 'ATIQ UR REHMAN', 'CSE', NULL),
(127, '17MDSWE0682', 16, 'UMAIR KHAN', 'CSE', NULL),
(128, '17MDSWE0683', 16, 'SHAFAAT ALI', 'CSE', NULL),
(129, '17MDSWE0684', 16, 'ABU BAKAR SIDDIQUE', 'CSE', NULL),
(130, '17MDSWE0685', 16, 'ARSALAN', 'CSE', NULL),
(131, '17MDSWE0686', 16, 'MUHAMMAD AFAQ', 'CSE', NULL),
(132, '17MDSWE0687', 16, 'HIDAYAT ZEB', 'CSE', NULL),
(133, '17MDSWE0688', 16, 'HAMD ULLAH', 'CSE', NULL),
(134, '17MDSWE0689', 16, 'MUHAMMAD SHAHSAWAR', 'CSE', NULL),
(135, '17MDSWE0690', 16, 'SAEED ULLAH', 'CSE', NULL),
(136, '17MDSWE0691', 16, 'ZAKRIA BACHA', 'CSE', NULL),
(137, '17MDSWE0692', 16, 'MUHAMMAD HAMZA', 'CSE', NULL),
(138, '17MDSWE0693', 16, 'SHER KHAN KAKAR', 'CSE', NULL),
(139, '17MDSWE0694', 16, 'SHAH RUKH HABIB', 'CSE', NULL),
(140, '17MDSWE0696', 16, 'KAMRAN KHAN', 'CSE', NULL),
(141, '17MDSWE0697', 16, 'USMAN SULTAN', 'CSE', NULL),
(142, '17MDSWE0698', 16, 'NASIR AHMAD', 'CSE', NULL),
(143, '17MDSWE0699', 16, 'MAAZ ULLAH SARWAT', 'CSE', NULL),
(144, '17MDSWE0700', 16, 'LAIBA GUL', 'CSE', NULL),
(145, '17MDSWE0701', 16, 'TALHA', 'CSE', NULL),
(146, '17MDSWE0702', 16, 'TARIQ AZIZ', 'CSE', NULL),
(147, '17MDSWE0703', 16, 'SABA', 'CSE', NULL),
(148, '17MDSWE0704', 16, 'NAVEED ULLAH', 'CSE', NULL),
(149, '17MDSWE0705', 16, 'HARIS SAEED', 'CSE', NULL),
(150, '17MDSWE0706', 16, 'ISHAQ AHMAD', 'CSE', NULL),
(151, '17MDSWE0707', 16, 'USMAN GHANI', 'CSE', NULL),
(152, '17MDSWE0708', 16, 'MUHAMMAD OMAR  ', 'CSE', NULL),
(153, '17MDSWE0709', 16, 'ABDULLAH', 'CSE', NULL),
(154, '17MDSWE0710', 16, 'WASIM KHAN  (FATA)', 'CSE', NULL),
(155, '17MDSWE0711', 16, 'JUNAID IQBAL  (FATA)', 'CSE', NULL),
(156, '17MDSWE0712', 16, 'MUHAMMAD RAHMAT ALI KHAN (AJK)', 'CSE', NULL),
(157, '17MDSWE0713', 16, 'ZUBAIR AHMAD KHAN  (FATA)', 'CSE', NULL),
(158, '18MDSWE001', 17, 'HUSSAM ALI DURANI', 'CSE', NULL),
(159, '18MDSWE002', 17, 'FAZL ULLAH', 'CSE', NULL),
(160, '18MDSWE003', 17, 'MUZAMIL KHAN', 'CSE', NULL),
(161, '18MDSWE004', 17, 'ABDULLAH ASJAD', 'CSE', NULL),
(162, '18MDSWE005', 17, 'SAQEEB ULLAH KHAN', 'CSE', NULL),
(163, '18MDSWE006', 17, 'MALIK HAMZA NAWAZ', 'CSE', NULL),
(164, '18MDSWE007', 17, 'HARIS KAMAL', 'CSE', NULL),
(165, '18MDSWE008', 17, 'MUHAMMAD ARSALAN', 'CSE', NULL),
(166, '18MDSWE009', 17, 'ZAKIR ULLAH', 'CSE', NULL),
(167, '18MDSWE010', 17, 'KHANZADI SAMMAMA KHAN', 'CSE', NULL),
(168, '18MDSWE011', 17, 'HARIS KHAN', 'CSE', NULL),
(169, '18MDSWE012', 17, 'MOHSIN AHMAD', 'CSE', NULL),
(170, '18MDSWE013', 17, 'MUHAMMAD ISMAIL', 'CSE', NULL),
(171, '18MDSWE014', 17, 'SALIH HAYAT', 'CSE', NULL),
(172, '18MDSWE015', 17, 'ZEESHAN AFZAL', 'CSE', NULL),
(173, '18MDSWE016', 17, 'FIDA HUSSAIN', 'CSE', NULL),
(174, '18MDSWE017', 17, 'ABDUR RAHMAN', 'CSE', NULL),
(175, '18MDSWE018', 17, 'SIKANDAR AZAM', 'CSE', NULL),
(176, '18MDSWE019', 17, 'MOHSIN SHAH', 'CSE', NULL),
(177, '18MDSWE020', 17, 'ROMAN KHATTAK', 'CSE', NULL),
(178, '18MDSWE021', 17, 'MUHAMMAD MINHAJ UD DIN', 'CSE', NULL),
(179, '18MDSWE022', 17, 'SADIQ MUHAMMAD', 'CSE', NULL),
(180, '18MDSWE023', 17, 'KALEEM ULLAH KHAN', 'CSE', NULL),
(181, '18MDSWE024', 17, 'ASIM KHALIL', 'CSE', NULL),
(182, '18MDSWE025', 17, 'ASIMA JAMAL', 'CSE', NULL),
(183, '18MDSWE026', 17, 'BILAL AHMAD', 'CSE', NULL),
(184, '18MDSWE027', 17, 'JAWAD KHAN', 'CSE', NULL),
(185, '18MDSWE028', 17, 'SOHAIL AHMAD', 'CSE', NULL),
(186, '18MDSWE029', 17, 'MAJID KHAN', 'CSE', NULL),
(187, '18MDSWE030', 17, 'EHTISHAM ALI', 'CSE', NULL),
(188, '18MDSWE031', 17, 'MUTAHIR MEHMOOD', 'CSE', NULL),
(189, '18MDSWE032', 17, 'MUHAMMAD JUNAID KHAN', 'CSE', NULL),
(190, '18MDSWE033', 17, 'NATASHA ZAHOOR', 'CSE', NULL),
(191, '18MDSWE034', 17, 'SOHAIL AHMAD', 'CSE', NULL),
(192, '18MDSWE035', 17, 'MUHAMMAD HARIS KHAN', 'CSE', NULL),
(193, '18MDSWE036', 17, 'GHANI REHMAN', 'CSE', NULL),
(194, '18MDSWE037', 17, 'JALAL SARER', 'CSE', NULL),
(195, '18MDSWE038', 17, 'BAAZ MUHAMMAD', 'CSE', NULL),
(196, '18MDSWE039', 17, 'HILAL AHMAD', 'CSE', NULL),
(197, '18MDSWE040', 17, 'ABBAS KHAN', 'CSE', NULL),
(198, '18MDSWE041', 17, 'HARIS KHAN', 'CSE', NULL),
(199, '18MDSWE042', 17, 'HUSBUNULLAH', 'CSE', NULL),
(200, '18MDSWE043', 17, 'WASEEM WALI', 'CSE', NULL),
(201, '18MDSWE044', 17, 'SANA ULLAH', 'CSE', NULL),
(202, '18MDSWE045', 17, 'MUHIB UL AZIZ', 'CSE', NULL),
(203, '18MDSWE046', 17, 'HASSAN ALI (Fata)', 'CSE', NULL),
(204, '14MDSWE0534', 13, 'SAIFUL REHMAN', 'CSE', NULL),
(205, '14MDSWE0535', 13, 'OBAIDULLAH', 'CSE', NULL),
(206, '14MDSWE0537', 13, 'BAKHMALI KHAN', 'CSE', NULL),
(207, '14MDSWE0543', 13, 'SHAFIULLAH', 'CSE', NULL),
(208, '14MDSWE0544', 13, 'NASIR AHMAD', 'CSE', NULL),
(209, '14MDSWE0547', 13, 'QURBAN ALI', 'CSE', NULL),
(210, '15MULLA123', 14, 'Syed Abdullah Ali', 'EE', 'Power'),
(211, '12123ERE', 21, 'Yaseen', 'EE', 'Communication'),
(212, '123SADKJ323', 19, 'Yaseen', 'EE', 'Power'),
(213, 'sdfj0ow2r4', 32, 'tumazir', 'EE', 'Communication'),
(214, '2136', 32, 'Ali', 'CSE', NULL),
(215, '34343222543', 32, 'Adil', 'EE', 'Communication');

-- --------------------------------------------------------

--
-- Table structure for table `student_course`
--

CREATE TABLE `student_course` (
  `sc_id` int(10) NOT NULL,
  `std_id` int(10) NOT NULL,
  `course_id` int(10) NOT NULL
) ENGINE=InnoDB DEFAULT CHARSET=latin1;

--
-- Dumping data for table `student_course`
--

INSERT INTO `student_course` (`sc_id`, `std_id`, `course_id`) VALUES
(1, 55, 11),
(2, 56, 11),
(3, 57, 11),
(4, 58, 11),
(5, 59, 11),
(6, 60, 11),
(7, 61, 11),
(8, 62, 11),
(9, 63, 11),
(10, 64, 11),
(11, 65, 11),
(12, 66, 11),
(13, 67, 11),
(14, 68, 11),
(15, 69, 11),
(16, 70, 11),
(17, 71, 11),
(18, 72, 11),
(19, 73, 11),
(20, 74, 11),
(21, 75, 11),
(22, 76, 11),
(23, 77, 11),
(24, 78, 11),
(25, 79, 11),
(26, 80, 11),
(27, 81, 11),
(28, 82, 11),
(29, 83, 11),
(30, 84, 11),
(31, 85, 11),
(32, 86, 11),
(33, 87, 11),
(34, 88, 11),
(35, 89, 11),
(36, 90, 11),
(37, 91, 11),
(38, 92, 11),
(39, 93, 11),
(40, 94, 11),
(41, 95, 11),
(42, 96, 11),
(43, 97, 11),
(44, 98, 11),
(45, 99, 11),
(46, 100, 11),
(47, 101, 11),
(48, 102, 11),
(49, 103, 11),
(50, 104, 11),
(51, 105, 11),
(52, 106, 11),
(53, 107, 11),
(54, 108, 11),
(55, 109, 11),
(56, 110, 11),
(57, 1, 18),
(58, 2, 18),
(59, 3, 18),
(60, 4, 18),
(61, 5, 18),
(62, 6, 18),
(63, 7, 18),
(64, 8, 18),
(65, 9, 18),
(66, 10, 18),
(67, 11, 18),
(68, 12, 18),
(69, 13, 18),
(70, 14, 18),
(71, 15, 18),
(72, 16, 18),
(73, 17, 18),
(74, 18, 18),
(75, 19, 18),
(76, 20, 18),
(77, 21, 18),
(78, 22, 18),
(79, 23, 18),
(80, 24, 18),
(81, 25, 18),
(82, 26, 18),
(83, 27, 18),
(84, 28, 18),
(85, 29, 18),
(86, 30, 18),
(87, 31, 18),
(88, 32, 18),
(89, 33, 18),
(90, 34, 18),
(91, 35, 18),
(92, 36, 18),
(93, 37, 18),
(94, 38, 18),
(95, 39, 18),
(96, 40, 18),
(97, 41, 18),
(98, 42, 18),
(99, 43, 18),
(100, 44, 18),
(101, 45, 18),
(102, 46, 18),
(103, 47, 18),
(104, 48, 18),
(105, 49, 18),
(106, 50, 18),
(107, 51, 18),
(108, 52, 18),
(109, 53, 18),
(110, 54, 18),
(111, 158, 2),
(112, 159, 2),
(113, 160, 2),
(114, 161, 2),
(115, 162, 2),
(116, 163, 2),
(117, 164, 2),
(118, 165, 2),
(119, 166, 2),
(120, 167, 2),
(121, 168, 2),
(122, 169, 2),
(123, 170, 2),
(124, 171, 2),
(125, 172, 2),
(126, 173, 2),
(127, 174, 2),
(128, 175, 2),
(129, 176, 2),
(130, 177, 2),
(131, 178, 2),
(132, 179, 2),
(133, 180, 2),
(134, 181, 2),
(135, 182, 2),
(136, 183, 2),
(137, 184, 2),
(138, 185, 2),
(139, 186, 2),
(140, 187, 2),
(141, 188, 2),
(142, 189, 2),
(143, 190, 2),
(144, 191, 2),
(145, 192, 2),
(146, 193, 2),
(147, 194, 2),
(148, 195, 2),
(149, 196, 2),
(150, 197, 2),
(151, 198, 2),
(152, 199, 2),
(153, 200, 2),
(154, 201, 2),
(155, 202, 2),
(156, 203, 2),
(157, 55, 15),
(158, 56, 15),
(159, 57, 15),
(160, 58, 15),
(161, 59, 15),
(162, 60, 15),
(163, 61, 15),
(164, 62, 15),
(165, 63, 15),
(166, 64, 15),
(167, 65, 15),
(168, 66, 15),
(169, 67, 15),
(170, 68, 15),
(171, 69, 15),
(172, 70, 15),
(173, 71, 15),
(174, 72, 15),
(175, 73, 15),
(176, 74, 15),
(177, 75, 15),
(178, 76, 15),
(179, 77, 15),
(180, 78, 15),
(181, 79, 15),
(182, 80, 15),
(183, 81, 15),
(184, 82, 15),
(185, 83, 15),
(186, 84, 15),
(187, 85, 15),
(188, 86, 15),
(189, 87, 15),
(190, 88, 15),
(191, 89, 15),
(192, 90, 15),
(193, 91, 15),
(194, 92, 15),
(195, 93, 15),
(196, 94, 15),
(197, 95, 15),
(198, 96, 15),
(199, 97, 15),
(200, 98, 15),
(201, 99, 15),
(202, 100, 15),
(203, 101, 15),
(204, 102, 15),
(205, 103, 15),
(206, 104, 15),
(207, 105, 15),
(208, 106, 15),
(209, 107, 15),
(210, 108, 15),
(211, 109, 15),
(212, 110, 15),
(213, 111, 7),
(214, 112, 7),
(215, 113, 7),
(216, 114, 7),
(217, 115, 7),
(218, 116, 7),
(219, 117, 7),
(220, 118, 7),
(221, 119, 7),
(222, 120, 7),
(223, 121, 7),
(224, 122, 7),
(225, 123, 7),
(226, 124, 7),
(227, 125, 7),
(228, 126, 7),
(229, 127, 7),
(230, 128, 7),
(231, 129, 7),
(232, 130, 7),
(233, 131, 7),
(234, 132, 7),
(235, 133, 7),
(236, 134, 7),
(237, 135, 7),
(238, 136, 7),
(239, 137, 7),
(240, 138, 7),
(241, 139, 7),
(242, 140, 7),
(243, 141, 7),
(244, 142, 7),
(245, 143, 7),
(246, 144, 7),
(247, 145, 7),
(248, 146, 7),
(249, 147, 7),
(250, 148, 7),
(251, 149, 7),
(252, 150, 7),
(253, 151, 7),
(254, 152, 7),
(255, 153, 7),
(256, 154, 7),
(257, 155, 7),
(258, 156, 7),
(259, 157, 7),
(260, 158, 21),
(261, 159, 21),
(262, 160, 21),
(263, 161, 21),
(264, 162, 21),
(265, 163, 21),
(266, 164, 21),
(267, 165, 21),
(268, 166, 21),
(269, 167, 21),
(270, 168, 21),
(271, 169, 21),
(272, 170, 21),
(273, 171, 21),
(274, 172, 21),
(275, 173, 21),
(276, 174, 21),
(277, 175, 21),
(278, 176, 21),
(279, 177, 21),
(280, 178, 21),
(281, 179, 21),
(282, 180, 21),
(283, 181, 21),
(284, 182, 21),
(285, 183, 21),
(286, 184, 21),
(287, 185, 21),
(288, 186, 21),
(289, 187, 21),
(290, 188, 21),
(291, 189, 21),
(292, 190, 21),
(293, 191, 21),
(294, 192, 21),
(295, 193, 21),
(296, 194, 21),
(297, 195, 21),
(298, 196, 21),
(299, 197, 21),
(300, 198, 21),
(301, 199, 21),
(302, 200, 21),
(303, 201, 21),
(304, 202, 21),
(305, 203, 21),
(306, 55, 24),
(307, 56, 24),
(308, 57, 24),
(309, 58, 24),
(310, 59, 24),
(311, 60, 24),
(312, 61, 24),
(313, 62, 24),
(314, 63, 24),
(315, 64, 24),
(316, 65, 24),
(317, 66, 24),
(318, 67, 24),
(319, 68, 24),
(320, 69, 24),
(321, 70, 24),
(322, 71, 24),
(323, 72, 24),
(324, 73, 24),
(325, 74, 24),
(326, 75, 24),
(327, 76, 24),
(328, 77, 24),
(329, 78, 24),
(330, 79, 24),
(331, 80, 24),
(332, 81, 24),
(333, 82, 24),
(334, 83, 24),
(335, 84, 24),
(336, 85, 24),
(337, 86, 24),
(338, 87, 24),
(339, 88, 24),
(340, 89, 24),
(341, 90, 24),
(342, 91, 24),
(343, 92, 24),
(344, 93, 24),
(345, 94, 24),
(346, 95, 24),
(347, 96, 24),
(348, 97, 24),
(349, 98, 24),
(350, 99, 24),
(351, 100, 24),
(352, 101, 24),
(353, 102, 24),
(354, 103, 24),
(355, 104, 24),
(356, 105, 24),
(357, 106, 24),
(358, 107, 24),
(359, 108, 24),
(360, 109, 24),
(361, 110, 24),
(418, 1, 19),
(419, 2, 19),
(420, 3, 19),
(421, 4, 19),
(422, 5, 19),
(423, 6, 19),
(424, 7, 19),
(425, 8, 19),
(426, 9, 19),
(427, 10, 19),
(428, 11, 19),
(429, 12, 19),
(430, 13, 19),
(431, 14, 19),
(432, 15, 19),
(433, 16, 19),
(434, 17, 19),
(435, 18, 19),
(436, 19, 19),
(437, 20, 19),
(438, 21, 19),
(439, 22, 19),
(440, 23, 19),
(441, 24, 19),
(442, 25, 19),
(443, 26, 19),
(444, 27, 19),
(445, 28, 19),
(446, 29, 19),
(447, 30, 19),
(448, 31, 19),
(449, 32, 19),
(450, 33, 19),
(451, 34, 19),
(452, 35, 19),
(453, 36, 19),
(454, 37, 19),
(455, 38, 19),
(456, 39, 19),
(457, 40, 19),
(458, 41, 19),
(459, 42, 19),
(460, 43, 19),
(461, 44, 19),
(462, 45, 19),
(463, 46, 19),
(464, 47, 19),
(465, 48, 19),
(466, 49, 19),
(467, 50, 19),
(468, 51, 19),
(469, 52, 19),
(470, 53, 19),
(471, 54, 19),
(472, 55, 25),
(473, 56, 25),
(474, 57, 25),
(475, 58, 25),
(476, 59, 25),
(477, 60, 25),
(478, 61, 25),
(479, 62, 25),
(480, 63, 25),
(481, 64, 25),
(482, 65, 25),
(483, 66, 25),
(484, 67, 25),
(485, 68, 25),
(486, 69, 25),
(487, 70, 25),
(488, 71, 25),
(489, 72, 25),
(490, 73, 25),
(491, 74, 25),
(492, 75, 25),
(493, 76, 25),
(494, 77, 25),
(495, 78, 25),
(496, 79, 25),
(497, 80, 25),
(498, 81, 25),
(499, 82, 25),
(500, 83, 25),
(501, 84, 25),
(502, 85, 25),
(503, 86, 25),
(504, 87, 25),
(505, 88, 25),
(506, 89, 25),
(507, 90, 25),
(508, 91, 25),
(509, 92, 25),
(510, 93, 25),
(511, 94, 25),
(512, 95, 25),
(513, 96, 25),
(514, 97, 25),
(515, 98, 25),
(516, 99, 25),
(517, 100, 25),
(518, 101, 25),
(519, 102, 25),
(520, 103, 25),
(521, 104, 25),
(522, 105, 25),
(523, 106, 25),
(524, 107, 25),
(525, 108, 25),
(526, 109, 25),
(527, 110, 25),
(528, 55, 13),
(529, 56, 13),
(530, 57, 13),
(531, 58, 13),
(532, 59, 13),
(533, 60, 13),
(534, 61, 13),
(535, 62, 13),
(536, 63, 13),
(537, 64, 13),
(538, 65, 13),
(539, 66, 13),
(540, 67, 13),
(541, 68, 13),
(542, 69, 13),
(543, 70, 13),
(544, 71, 13),
(545, 72, 13),
(546, 73, 13),
(547, 74, 13),
(548, 75, 13),
(549, 76, 13),
(550, 77, 13),
(551, 78, 13),
(552, 79, 13),
(553, 80, 13),
(554, 81, 13),
(555, 82, 13),
(556, 83, 13),
(557, 84, 13),
(558, 85, 13),
(559, 86, 13),
(560, 87, 13),
(561, 88, 13),
(562, 89, 13),
(563, 90, 13),
(564, 91, 13),
(565, 92, 13),
(566, 93, 13),
(567, 94, 13),
(568, 95, 13),
(569, 96, 13),
(570, 97, 13),
(571, 98, 13),
(572, 99, 13),
(573, 100, 13),
(574, 101, 13),
(575, 102, 13),
(576, 103, 13),
(577, 104, 13),
(578, 105, 13),
(579, 106, 13),
(580, 107, 13),
(581, 108, 13),
(582, 109, 13),
(583, 110, 13),
(584, 1, 23),
(585, 2, 23),
(586, 3, 23),
(587, 4, 23),
(588, 5, 23),
(589, 6, 23),
(590, 7, 23),
(591, 8, 23),
(592, 9, 23),
(593, 10, 23),
(594, 11, 23),
(595, 12, 23),
(596, 13, 23),
(597, 14, 23),
(598, 15, 23),
(599, 16, 23),
(600, 17, 23),
(601, 18, 23),
(602, 19, 23),
(603, 20, 23),
(604, 21, 23),
(605, 22, 23),
(606, 23, 23),
(607, 24, 23),
(608, 25, 23),
(609, 26, 23),
(610, 27, 23),
(611, 28, 23),
(612, 29, 23),
(613, 30, 23),
(614, 31, 23),
(615, 32, 23),
(616, 33, 23),
(617, 34, 23),
(618, 35, 23),
(619, 36, 23),
(620, 37, 23),
(621, 38, 23),
(622, 39, 23),
(623, 40, 23),
(624, 41, 23),
(625, 42, 23),
(626, 43, 23),
(627, 44, 23),
(628, 45, 23),
(629, 46, 23),
(630, 47, 23),
(631, 48, 23),
(632, 49, 23),
(633, 50, 23),
(634, 51, 23),
(635, 52, 23),
(636, 53, 23),
(637, 54, 23),
(638, 111, 6),
(639, 112, 6),
(640, 113, 6),
(641, 114, 6),
(642, 115, 6),
(643, 116, 6),
(644, 117, 6),
(645, 118, 6),
(646, 119, 6),
(647, 120, 6),
(648, 121, 6),
(649, 122, 6),
(650, 123, 6),
(651, 124, 6),
(652, 125, 6),
(653, 126, 6),
(654, 127, 6),
(655, 128, 6),
(656, 129, 6),
(657, 130, 6),
(658, 131, 6),
(659, 132, 6),
(660, 133, 6),
(661, 134, 6),
(662, 135, 6),
(663, 136, 6),
(664, 137, 6),
(665, 138, 6),
(666, 139, 6),
(667, 140, 6),
(668, 141, 6),
(669, 142, 6),
(670, 143, 6),
(671, 144, 6),
(672, 145, 6),
(673, 146, 6),
(674, 147, 6),
(675, 148, 6),
(676, 149, 6),
(677, 150, 6),
(678, 151, 6),
(679, 152, 6),
(680, 153, 6),
(681, 154, 6),
(682, 155, 6),
(683, 156, 6),
(684, 157, 6),
(685, 111, 22),
(686, 112, 22),
(687, 113, 22),
(688, 114, 22),
(689, 115, 22),
(690, 116, 22),
(691, 117, 22),
(692, 118, 22),
(693, 119, 22),
(694, 120, 22),
(695, 121, 22),
(696, 122, 22),
(697, 123, 22),
(698, 124, 22),
(699, 125, 22),
(700, 126, 22),
(701, 127, 22),
(702, 128, 22),
(703, 129, 22),
(704, 130, 22),
(705, 131, 22),
(706, 132, 22),
(707, 133, 22),
(708, 134, 22),
(709, 135, 22),
(710, 136, 22),
(711, 137, 22),
(712, 138, 22),
(713, 139, 22),
(714, 140, 22),
(715, 141, 22),
(716, 142, 22),
(717, 143, 22),
(718, 144, 22),
(719, 145, 22),
(720, 146, 22),
(721, 147, 22),
(722, 148, 22),
(723, 149, 22),
(724, 150, 22),
(725, 151, 22),
(726, 152, 22),
(727, 153, 22),
(728, 154, 22),
(729, 155, 22),
(730, 156, 22),
(731, 157, 22),
(732, 1, 17),
(733, 2, 17),
(734, 3, 17),
(735, 4, 17),
(736, 5, 17),
(737, 6, 17),
(738, 7, 17),
(739, 8, 17),
(740, 9, 17),
(741, 10, 17),
(742, 11, 17),
(743, 12, 17),
(744, 13, 17),
(745, 14, 17),
(746, 15, 17),
(747, 16, 17),
(748, 17, 17),
(749, 18, 17),
(750, 19, 17),
(751, 20, 17),
(752, 21, 17),
(753, 22, 17),
(754, 23, 17),
(755, 24, 17),
(756, 25, 17),
(757, 26, 17),
(758, 27, 17),
(759, 28, 17),
(760, 29, 17),
(761, 30, 17),
(762, 31, 17),
(763, 32, 17),
(764, 33, 17),
(765, 34, 17),
(766, 35, 17),
(767, 36, 17),
(768, 37, 17),
(769, 38, 17),
(770, 39, 17),
(771, 40, 17),
(772, 41, 17),
(773, 42, 17),
(774, 43, 17),
(775, 44, 17),
(776, 45, 17),
(777, 46, 17),
(778, 47, 17),
(779, 48, 17),
(780, 49, 17),
(781, 50, 17),
(782, 51, 17),
(783, 52, 17),
(784, 53, 17),
(785, 54, 17),
(786, 111, 23),
(787, 112, 23),
(788, 113, 23),
(789, 114, 23),
(790, 115, 23),
(791, 116, 23),
(792, 117, 23),
(793, 118, 23),
(794, 119, 23),
(795, 120, 23),
(796, 121, 23),
(797, 122, 23),
(798, 123, 23),
(799, 124, 23),
(800, 125, 23),
(801, 126, 23),
(802, 127, 23),
(803, 128, 23),
(804, 129, 23),
(805, 130, 23),
(806, 131, 23),
(807, 132, 23),
(808, 133, 23),
(809, 134, 23),
(810, 135, 23),
(811, 136, 23),
(812, 137, 23),
(813, 138, 23),
(814, 139, 23),
(815, 140, 23),
(816, 141, 23),
(817, 142, 23),
(818, 143, 23),
(819, 144, 23),
(820, 145, 23),
(821, 146, 23),
(822, 147, 23),
(823, 148, 23),
(824, 149, 23),
(825, 150, 23),
(826, 151, 23),
(827, 152, 23),
(828, 153, 23),
(829, 154, 23),
(830, 155, 23),
(831, 156, 23),
(832, 157, 23),
(833, 158, 5),
(834, 159, 5),
(835, 160, 5),
(836, 161, 5),
(837, 162, 5),
(838, 163, 5),
(839, 164, 5),
(840, 165, 5),
(841, 166, 5),
(842, 167, 5),
(843, 168, 5),
(844, 169, 5),
(845, 170, 5),
(846, 171, 5),
(847, 172, 5),
(848, 173, 5),
(849, 174, 5),
(850, 175, 5),
(851, 176, 5),
(852, 177, 5),
(853, 178, 5),
(854, 179, 5),
(855, 180, 5),
(856, 181, 5),
(857, 182, 5),
(858, 183, 5),
(859, 184, 5),
(860, 185, 5),
(861, 186, 5),
(862, 187, 5),
(863, 188, 5),
(864, 189, 5),
(865, 190, 5),
(866, 191, 5),
(867, 192, 5),
(868, 193, 5),
(869, 194, 5),
(870, 195, 5),
(871, 196, 5),
(872, 197, 5),
(873, 198, 5),
(874, 199, 5),
(875, 200, 5),
(876, 201, 5),
(877, 202, 5),
(878, 203, 5),
(879, 111, 10),
(880, 112, 10),
(881, 113, 10),
(882, 114, 10),
(883, 115, 10),
(884, 116, 10),
(885, 117, 10),
(886, 118, 10),
(887, 119, 10),
(888, 120, 10),
(889, 121, 10),
(890, 122, 10),
(891, 123, 10),
(892, 124, 10),
(893, 125, 10),
(894, 126, 10),
(895, 127, 10),
(896, 128, 10),
(897, 129, 10),
(898, 130, 10),
(899, 131, 10),
(900, 132, 10),
(901, 133, 10),
(902, 134, 10),
(903, 135, 10),
(904, 136, 10),
(905, 137, 10),
(906, 138, 10),
(907, 139, 10),
(908, 140, 10),
(909, 141, 10),
(910, 142, 10),
(911, 143, 10),
(912, 144, 10),
(913, 145, 10),
(914, 146, 10),
(915, 147, 10),
(916, 148, 10),
(917, 149, 10),
(918, 150, 10),
(919, 151, 10),
(920, 152, 10),
(921, 153, 10),
(922, 154, 10),
(923, 155, 10),
(924, 156, 10),
(925, 157, 10),
(926, 158, 1),
(927, 159, 1),
(928, 160, 1),
(929, 161, 1),
(930, 162, 1),
(931, 163, 1),
(932, 164, 1),
(933, 165, 1),
(934, 166, 1),
(935, 167, 1),
(936, 168, 1),
(937, 169, 1),
(938, 170, 1),
(939, 171, 1),
(940, 172, 1),
(941, 173, 1),
(942, 174, 1),
(943, 175, 1),
(944, 176, 1),
(945, 177, 1),
(946, 178, 1),
(947, 179, 1),
(948, 180, 1),
(949, 181, 1),
(950, 182, 1),
(951, 183, 1),
(952, 184, 1),
(953, 185, 1),
(954, 186, 1),
(955, 187, 1),
(956, 188, 1),
(957, 189, 1),
(958, 190, 1),
(959, 191, 1),
(960, 192, 1),
(961, 193, 1),
(962, 194, 1),
(963, 195, 1),
(964, 196, 1),
(965, 197, 1),
(966, 198, 1),
(967, 199, 1),
(968, 200, 1),
(969, 201, 1),
(970, 202, 1),
(971, 203, 1),
(972, 111, 8),
(973, 112, 8),
(974, 113, 8),
(975, 114, 8),
(976, 115, 8),
(977, 116, 8),
(978, 117, 8),
(979, 118, 8),
(980, 119, 8),
(981, 120, 8),
(982, 121, 8),
(983, 122, 8),
(984, 123, 8),
(985, 124, 8),
(986, 125, 8),
(987, 126, 8),
(988, 127, 8),
(989, 128, 8),
(990, 129, 8),
(991, 130, 8),
(992, 131, 8),
(993, 132, 8),
(994, 133, 8),
(995, 134, 8),
(996, 135, 8),
(997, 136, 8),
(998, 137, 8),
(999, 138, 8),
(1000, 139, 8),
(1001, 140, 8),
(1002, 141, 8),
(1003, 142, 8),
(1004, 143, 8),
(1005, 144, 8),
(1006, 145, 8),
(1007, 146, 8),
(1008, 147, 8),
(1009, 148, 8),
(1010, 149, 8),
(1011, 150, 8),
(1012, 151, 8),
(1013, 152, 8),
(1014, 153, 8),
(1015, 154, 8),
(1016, 155, 8),
(1017, 156, 8),
(1018, 157, 8),
(1019, 1, 16),
(1020, 2, 16),
(1021, 3, 16),
(1022, 4, 16),
(1023, 5, 16),
(1024, 6, 16),
(1025, 7, 16),
(1026, 8, 16),
(1027, 9, 16),
(1028, 10, 16),
(1029, 11, 16),
(1030, 12, 16),
(1031, 13, 16),
(1032, 14, 16),
(1033, 15, 16),
(1034, 16, 16),
(1035, 17, 16),
(1036, 18, 16),
(1037, 19, 16),
(1038, 20, 16),
(1039, 21, 16),
(1040, 22, 16),
(1041, 23, 16),
(1042, 24, 16),
(1043, 25, 16),
(1044, 26, 16),
(1045, 27, 16),
(1046, 28, 16),
(1047, 29, 16),
(1048, 30, 16),
(1049, 31, 16),
(1050, 32, 16),
(1051, 33, 16),
(1052, 34, 16),
(1053, 35, 16),
(1054, 36, 16),
(1055, 37, 16),
(1056, 38, 16),
(1057, 39, 16),
(1058, 40, 16),
(1059, 41, 16),
(1060, 42, 16),
(1061, 43, 16),
(1062, 44, 16),
(1063, 45, 16),
(1064, 46, 16),
(1065, 47, 16),
(1066, 48, 16),
(1067, 49, 16),
(1068, 50, 16),
(1069, 51, 16),
(1070, 52, 16),
(1071, 53, 16),
(1072, 54, 16),
(1073, 55, 12),
(1074, 56, 12),
(1075, 57, 12),
(1076, 58, 12),
(1077, 59, 12),
(1078, 60, 12),
(1079, 61, 12),
(1080, 62, 12),
(1081, 63, 12),
(1082, 64, 12),
(1083, 65, 12),
(1084, 66, 12),
(1085, 67, 12),
(1086, 68, 12),
(1087, 69, 12),
(1088, 70, 12),
(1089, 71, 12),
(1090, 72, 12),
(1091, 73, 12),
(1092, 74, 12),
(1093, 75, 12),
(1094, 76, 12),
(1095, 77, 12),
(1096, 78, 12),
(1097, 79, 12),
(1098, 80, 12),
(1099, 81, 12),
(1100, 82, 12),
(1101, 83, 12),
(1102, 84, 12),
(1103, 85, 12),
(1104, 86, 12),
(1105, 87, 12),
(1106, 88, 12),
(1107, 89, 12),
(1108, 90, 12),
(1109, 91, 12),
(1110, 92, 12),
(1111, 93, 12),
(1112, 94, 12),
(1113, 95, 12),
(1114, 96, 12),
(1115, 97, 12),
(1116, 98, 12),
(1117, 99, 12),
(1118, 100, 12),
(1119, 101, 12),
(1120, 102, 12),
(1121, 103, 12),
(1122, 104, 12),
(1123, 105, 12),
(1124, 106, 12),
(1125, 107, 12),
(1126, 108, 12),
(1127, 109, 12),
(1128, 110, 12),
(1129, 8, 7),
(1130, 15, 7),
(1131, 29, 7),
(1132, 158, 4),
(1133, 159, 4),
(1134, 160, 4),
(1135, 161, 4),
(1136, 162, 4),
(1137, 163, 4),
(1138, 164, 4),
(1139, 165, 4),
(1140, 166, 4),
(1141, 167, 4),
(1142, 168, 4),
(1143, 169, 4),
(1144, 170, 4),
(1145, 171, 4),
(1146, 172, 4),
(1147, 173, 4),
(1148, 174, 4),
(1149, 175, 4),
(1150, 176, 4),
(1151, 177, 4),
(1152, 178, 4),
(1153, 179, 4),
(1154, 180, 4),
(1155, 181, 4),
(1156, 182, 4),
(1157, 183, 4),
(1158, 184, 4),
(1159, 185, 4),
(1160, 186, 4),
(1161, 187, 4),
(1162, 188, 4),
(1163, 189, 4),
(1164, 190, 4),
(1165, 191, 4),
(1166, 192, 4),
(1167, 193, 4),
(1168, 194, 4),
(1169, 195, 4),
(1170, 196, 4),
(1171, 197, 4),
(1172, 198, 4),
(1173, 199, 4),
(1174, 200, 4),
(1175, 201, 4),
(1176, 202, 4),
(1177, 203, 4),
(1178, 1, 26),
(1179, 2, 26),
(1180, 3, 26),
(1181, 4, 26),
(1182, 5, 26),
(1183, 6, 26),
(1184, 7, 26),
(1185, 8, 26),
(1186, 9, 26),
(1187, 10, 26),
(1188, 11, 26),
(1189, 12, 26),
(1190, 13, 26),
(1191, 14, 26),
(1192, 15, 26),
(1193, 16, 26),
(1194, 17, 26),
(1195, 18, 26),
(1196, 19, 26),
(1197, 20, 26),
(1198, 21, 26),
(1199, 22, 26),
(1200, 23, 26),
(1201, 24, 26),
(1202, 25, 26),
(1203, 26, 26),
(1204, 27, 26),
(1205, 28, 26),
(1206, 29, 26),
(1207, 30, 26),
(1208, 31, 26),
(1209, 32, 26),
(1210, 33, 26),
(1211, 34, 26),
(1212, 35, 26),
(1213, 36, 26),
(1214, 37, 26),
(1215, 38, 26),
(1216, 39, 26),
(1217, 40, 26),
(1218, 41, 26),
(1219, 42, 26),
(1220, 43, 26),
(1221, 44, 26),
(1222, 45, 26),
(1223, 46, 26),
(1224, 47, 26),
(1225, 48, 26),
(1226, 49, 26),
(1227, 50, 26),
(1228, 51, 26),
(1229, 52, 26),
(1230, 53, 26),
(1231, 54, 26),
(1232, 1, 27),
(1233, 2, 27),
(1234, 3, 27),
(1235, 4, 27),
(1236, 5, 27),
(1237, 6, 27),
(1238, 7, 27),
(1239, 8, 27),
(1240, 9, 27),
(1241, 10, 27),
(1242, 11, 27),
(1243, 12, 27),
(1244, 13, 27),
(1245, 14, 27),
(1246, 15, 27),
(1247, 16, 27),
(1248, 17, 27),
(1249, 18, 27),
(1250, 19, 27),
(1251, 20, 27),
(1252, 21, 27),
(1253, 22, 27),
(1254, 23, 27),
(1255, 24, 27),
(1256, 25, 27),
(1257, 26, 27),
(1258, 27, 27),
(1259, 28, 27),
(1260, 29, 27),
(1261, 30, 27),
(1262, 31, 27),
(1263, 32, 27),
(1264, 33, 27),
(1265, 34, 27),
(1266, 35, 27),
(1267, 36, 27),
(1268, 37, 27),
(1269, 38, 27),
(1270, 39, 27),
(1271, 40, 27),
(1272, 41, 27),
(1273, 42, 27),
(1274, 43, 27),
(1275, 44, 27),
(1276, 45, 27),
(1277, 46, 27),
(1278, 47, 27),
(1279, 48, 27),
(1280, 49, 27),
(1281, 50, 27),
(1282, 51, 27),
(1283, 52, 27),
(1284, 53, 27),
(1285, 54, 27),
(1286, 1, 28),
(1287, 2, 28),
(1288, 3, 28),
(1289, 4, 28),
(1290, 5, 28),
(1291, 6, 28),
(1292, 7, 28),
(1293, 8, 28),
(1294, 9, 28),
(1295, 10, 28),
(1296, 11, 28),
(1297, 12, 28),
(1298, 13, 28),
(1299, 14, 28),
(1300, 15, 28),
(1301, 16, 28),
(1302, 17, 28),
(1303, 18, 28),
(1304, 19, 28),
(1305, 20, 28),
(1306, 21, 28),
(1307, 22, 28),
(1308, 23, 28),
(1309, 24, 28),
(1310, 25, 28),
(1311, 26, 28),
(1312, 27, 28),
(1313, 28, 28),
(1314, 29, 28),
(1315, 30, 28),
(1316, 31, 28),
(1317, 32, 28),
(1318, 33, 28),
(1319, 34, 28),
(1320, 35, 28),
(1321, 36, 28),
(1322, 37, 28),
(1323, 38, 28),
(1324, 39, 28),
(1325, 40, 28),
(1326, 41, 28),
(1327, 42, 28),
(1328, 43, 28),
(1329, 44, 28),
(1330, 45, 28),
(1331, 46, 28),
(1332, 47, 28),
(1333, 48, 28),
(1334, 49, 28),
(1335, 50, 28),
(1336, 51, 28),
(1337, 52, 28),
(1338, 53, 28),
(1339, 54, 28),
(1340, 1, 29),
(1341, 2, 29),
(1342, 3, 29),
(1343, 4, 29),
(1344, 5, 29),
(1345, 6, 29),
(1346, 7, 29),
(1347, 8, 29),
(1348, 9, 29),
(1349, 10, 29),
(1350, 11, 29),
(1351, 12, 29),
(1352, 13, 29),
(1353, 14, 29),
(1354, 15, 29),
(1355, 16, 29),
(1356, 17, 29),
(1357, 18, 29),
(1358, 19, 29),
(1359, 20, 29),
(1360, 21, 29),
(1361, 22, 29),
(1362, 23, 29),
(1363, 24, 29),
(1364, 25, 29),
(1365, 26, 29),
(1366, 27, 29),
(1367, 28, 29),
(1368, 29, 29),
(1369, 30, 29),
(1370, 31, 29),
(1371, 32, 29),
(1372, 33, 29),
(1373, 34, 29),
(1374, 35, 29),
(1375, 36, 29),
(1376, 37, 29),
(1377, 38, 29),
(1378, 39, 29),
(1379, 40, 29),
(1380, 41, 29),
(1381, 42, 29),
(1382, 43, 29),
(1383, 44, 29),
(1384, 45, 29),
(1385, 46, 29),
(1386, 47, 29),
(1387, 48, 29),
(1388, 49, 29),
(1389, 50, 29),
(1390, 51, 29),
(1391, 52, 29),
(1392, 53, 29),
(1393, 54, 29),
(1394, 1, 30),
(1395, 2, 30),
(1396, 3, 30),
(1397, 4, 30),
(1398, 5, 30),
(1399, 6, 30),
(1400, 7, 30),
(1401, 8, 30),
(1402, 9, 30),
(1403, 10, 30),
(1404, 11, 30),
(1405, 12, 30),
(1406, 13, 30),
(1407, 14, 30),
(1408, 15, 30),
(1409, 16, 30),
(1410, 17, 30),
(1411, 18, 30),
(1412, 19, 30),
(1413, 20, 30),
(1414, 21, 30),
(1415, 22, 30),
(1416, 23, 30),
(1417, 24, 30),
(1418, 25, 30),
(1419, 26, 30),
(1420, 27, 30),
(1421, 28, 30),
(1422, 29, 30),
(1423, 30, 30),
(1424, 31, 30),
(1425, 32, 30),
(1426, 33, 30),
(1427, 34, 30),
(1428, 35, 30),
(1429, 36, 30),
(1430, 37, 30),
(1431, 38, 30),
(1432, 39, 30),
(1433, 40, 30),
(1434, 41, 30),
(1435, 42, 30),
(1436, 43, 30),
(1437, 44, 30),
(1438, 45, 30),
(1439, 46, 30),
(1440, 47, 30),
(1441, 48, 30),
(1442, 49, 30),
(1443, 50, 30),
(1444, 51, 30),
(1445, 52, 30),
(1446, 53, 30),
(1447, 54, 30),
(1448, 55, 51),
(1449, 56, 51),
(1450, 57, 51),
(1451, 58, 51),
(1452, 59, 51),
(1453, 60, 51),
(1454, 61, 51),
(1455, 62, 51),
(1456, 63, 51),
(1457, 64, 51),
(1458, 65, 51),
(1459, 66, 51),
(1460, 67, 51),
(1461, 68, 51),
(1462, 69, 51),
(1463, 70, 51),
(1464, 71, 51),
(1465, 72, 51),
(1466, 73, 51),
(1467, 74, 51),
(1468, 75, 51),
(1469, 76, 51),
(1470, 77, 51),
(1471, 78, 51),
(1472, 79, 51),
(1473, 80, 51),
(1474, 81, 51),
(1475, 82, 51),
(1476, 83, 51),
(1477, 84, 51),
(1478, 85, 51),
(1479, 86, 51),
(1480, 87, 51),
(1481, 88, 51),
(1482, 89, 51),
(1483, 90, 51),
(1484, 91, 51),
(1485, 92, 51),
(1486, 93, 51),
(1487, 94, 51),
(1488, 95, 51),
(1489, 96, 51),
(1490, 97, 51),
(1491, 98, 51),
(1492, 99, 51),
(1493, 100, 51),
(1494, 101, 51),
(1495, 102, 51),
(1496, 103, 51),
(1497, 104, 51),
(1498, 105, 51),
(1499, 106, 51),
(1500, 107, 51),
(1501, 108, 51),
(1502, 109, 51),
(1503, 110, 51),
(1570, 294, 68),
(1571, 295, 68),
(1572, 296, 68),
(1573, 297, 68),
(1574, 298, 68),
(1575, 299, 68),
(1576, 300, 68),
(1577, 301, 68),
(1578, 302, 68),
(1579, 303, 68),
(1580, 304, 68),
(1581, 306, 68),
(1582, 308, 68),
(1583, 309, 68),
(1584, 310, 68),
(1585, 312, 68),
(1586, 314, 68),
(1587, 316, 68),
(1588, 318, 68),
(1589, 320, 68),
(1590, 321, 68),
(1591, 322, 68),
(1592, 324, 68),
(1593, 326, 68),
(1594, 327, 68),
(1595, 328, 68),
(1596, 330, 68),
(1597, 332, 68),
(1598, 334, 68),
(1599, 336, 68),
(1600, 338, 68),
(1601, 340, 68),
(1602, 342, 68),
(1603, 343, 68),
(1604, 344, 68),
(1605, 345, 68),
(1606, 347, 68),
(1607, 349, 68),
(1608, 351, 68),
(1609, 55, 46),
(1610, 56, 46),
(1611, 57, 46),
(1612, 58, 46),
(1613, 59, 46),
(1614, 60, 46),
(1615, 61, 46),
(1616, 62, 46),
(1617, 63, 46),
(1618, 64, 46),
(1619, 65, 46),
(1620, 66, 46),
(1621, 67, 46),
(1622, 68, 46),
(1623, 69, 46),
(1624, 70, 46),
(1625, 71, 46),
(1626, 72, 46),
(1627, 73, 46),
(1628, 74, 46),
(1629, 75, 46),
(1630, 76, 46),
(1631, 77, 46),
(1632, 78, 46),
(1633, 79, 46),
(1634, 80, 46),
(1635, 81, 46),
(1636, 82, 46),
(1637, 83, 46),
(1638, 84, 46),
(1639, 85, 46),
(1640, 86, 46),
(1641, 87, 46),
(1642, 88, 46),
(1643, 89, 46),
(1644, 90, 46),
(1645, 91, 46),
(1646, 92, 46),
(1647, 93, 46),
(1648, 94, 46),
(1649, 95, 46),
(1650, 96, 46),
(1651, 97, 46),
(1652, 98, 46),
(1653, 99, 46),
(1654, 100, 46),
(1655, 101, 46),
(1656, 102, 46),
(1657, 103, 46),
(1658, 104, 46),
(1659, 105, 46),
(1660, 106, 46),
(1661, 107, 46),
(1662, 108, 46),
(1663, 109, 46),
(1664, 110, 46),
(1820, 353, 98),
(1821, 356, 98),
(1822, 358, 98),
(1823, 360, 98),
(1824, 362, 98),
(1825, 364, 98),
(1826, 365, 98),
(1827, 366, 98),
(1828, 369, 98),
(1829, 371, 98),
(1830, 372, 98),
(1831, 374, 98),
(1832, 375, 98),
(1833, 376, 98),
(1834, 377, 98),
(1835, 378, 98),
(1836, 380, 98),
(1837, 382, 98),
(1838, 384, 98),
(1839, 386, 98),
(1840, 389, 98),
(1841, 391, 98),
(1842, 392, 98),
(1843, 394, 98),
(1844, 395, 98),
(1845, 396, 98),
(1846, 397, 98),
(1847, 398, 98),
(1848, 399, 98),
(1849, 400, 98),
(1850, 401, 98),
(1851, 402, 98),
(1852, 403, 98),
(1853, 404, 98),
(1854, 405, 98),
(1855, 406, 98),
(1856, 407, 98),
(1857, 408, 98),
(1858, 641, 63),
(1859, 642, 63),
(1860, 643, 63),
(1861, 644, 63),
(1862, 645, 63),
(1863, 646, 63),
(1864, 647, 63),
(1865, 648, 63),
(1866, 649, 63),
(1867, 650, 63),
(1868, 651, 63),
(1869, 652, 63),
(1870, 653, 63),
(1871, 654, 63),
(1872, 655, 63),
(1873, 656, 63),
(1874, 657, 63),
(1875, 658, 63),
(1876, 659, 63),
(1877, 660, 63),
(1878, 661, 63),
(1879, 662, 63),
(1880, 663, 63),
(1881, 664, 63),
(1882, 665, 63),
(1883, 666, 63),
(1884, 667, 63),
(1885, 668, 63),
(1886, 669, 63),
(1887, 670, 63),
(1888, 671, 63),
(1889, 672, 63),
(1890, 673, 63),
(1891, 674, 63),
(1892, 675, 63),
(1893, 676, 63),
(1894, 641, 64),
(1895, 642, 64),
(1896, 643, 64),
(1897, 644, 64),
(1898, 645, 64),
(1899, 646, 64),
(1900, 647, 64),
(1901, 648, 64),
(1902, 649, 64),
(1903, 650, 64),
(1904, 651, 64),
(1905, 652, 64),
(1906, 653, 64),
(1907, 654, 64),
(1908, 655, 64),
(1909, 656, 64),
(1910, 657, 64),
(1911, 658, 64),
(1912, 659, 64),
(1913, 660, 64),
(1914, 661, 64),
(1915, 662, 64),
(1916, 663, 64),
(1917, 664, 64),
(1918, 665, 64),
(1919, 666, 64),
(1920, 667, 64),
(1921, 668, 64),
(1922, 669, 64),
(1923, 670, 64),
(1924, 671, 64),
(1925, 672, 64),
(1926, 673, 64),
(1927, 674, 64),
(1928, 675, 64),
(1929, 676, 64),
(1930, 641, 65),
(1931, 642, 65),
(1932, 643, 65),
(1933, 644, 65),
(1934, 645, 65),
(1935, 646, 65),
(1936, 647, 65),
(1937, 648, 65),
(1938, 649, 65),
(1939, 650, 65),
(1940, 651, 65),
(1941, 652, 65),
(1942, 653, 65),
(1943, 654, 65),
(1944, 655, 65),
(1945, 656, 65),
(1946, 657, 65),
(1947, 658, 65),
(1948, 659, 65),
(1949, 660, 65),
(1950, 661, 65),
(1951, 662, 65),
(1952, 663, 65),
(1953, 664, 65),
(1954, 665, 65),
(1955, 666, 65),
(1956, 667, 65),
(1957, 668, 65),
(1958, 669, 65),
(1959, 670, 65),
(1960, 671, 65),
(1961, 672, 65),
(1962, 673, 65),
(1963, 674, 65),
(1964, 675, 65),
(1965, 676, 65),
(1966, 641, 100),
(1967, 642, 100),
(1968, 643, 100),
(1969, 644, 100),
(1970, 645, 100),
(1971, 646, 100),
(1972, 647, 100),
(1973, 648, 100),
(1974, 649, 100),
(1975, 650, 100),
(1976, 651, 100),
(1977, 652, 100),
(1978, 653, 100),
(1979, 654, 100),
(1980, 655, 100),
(1981, 656, 100),
(1982, 657, 100),
(1983, 658, 100),
(1984, 659, 100),
(1985, 660, 100),
(1986, 661, 100),
(1987, 662, 100),
(1988, 663, 100),
(1989, 664, 100),
(1990, 665, 100),
(1991, 666, 100),
(1992, 667, 100),
(1993, 668, 100),
(1994, 669, 100),
(1995, 670, 100),
(1996, 671, 100),
(1997, 672, 100),
(1998, 673, 100),
(1999, 674, 100),
(2000, 675, 100),
(2001, 676, 100),
(2002, 641, 101),
(2003, 642, 101),
(2004, 643, 101),
(2005, 644, 101),
(2006, 645, 101),
(2007, 646, 101),
(2008, 647, 101),
(2009, 648, 101),
(2010, 649, 101),
(2011, 650, 101),
(2012, 651, 101),
(2013, 652, 101),
(2014, 653, 101),
(2015, 654, 101),
(2016, 655, 101),
(2017, 656, 101),
(2018, 657, 101),
(2019, 658, 101),
(2020, 659, 101),
(2021, 660, 101),
(2022, 661, 101),
(2023, 662, 101),
(2024, 663, 101),
(2025, 664, 101),
(2026, 665, 101),
(2027, 666, 101),
(2028, 667, 101),
(2029, 668, 101),
(2030, 669, 101),
(2031, 670, 101),
(2032, 671, 101),
(2033, 672, 101),
(2034, 673, 101),
(2035, 674, 101),
(2036, 675, 101),
(2037, 676, 101),
(2038, 641, 102),
(2039, 642, 102),
(2040, 643, 102),
(2041, 644, 102),
(2042, 645, 102),
(2043, 646, 102),
(2044, 647, 102),
(2045, 648, 102),
(2046, 649, 102),
(2047, 650, 102),
(2048, 651, 102),
(2049, 652, 102),
(2050, 653, 102),
(2051, 654, 102),
(2052, 655, 102),
(2053, 656, 102),
(2054, 657, 102),
(2055, 658, 102),
(2056, 659, 102),
(2057, 660, 102),
(2058, 661, 102),
(2059, 662, 102),
(2060, 663, 102),
(2061, 664, 102),
(2062, 665, 102),
(2063, 666, 102),
(2064, 667, 102),
(2065, 668, 102),
(2066, 669, 102),
(2067, 670, 102),
(2068, 671, 102),
(2069, 672, 102),
(2070, 673, 102),
(2071, 674, 102),
(2072, 675, 102),
(2073, 676, 102),
(2074, 641, 103),
(2075, 642, 103),
(2076, 643, 103),
(2077, 644, 103),
(2078, 645, 103),
(2079, 646, 103),
(2080, 647, 103),
(2081, 648, 103),
(2082, 649, 103),
(2083, 650, 103),
(2084, 651, 103),
(2085, 652, 103),
(2086, 653, 103),
(2087, 654, 103),
(2088, 655, 103),
(2089, 656, 103),
(2090, 657, 103),
(2091, 658, 103),
(2092, 659, 103),
(2093, 660, 103),
(2094, 661, 103),
(2095, 662, 103),
(2096, 663, 103),
(2097, 664, 103),
(2098, 665, 103),
(2099, 666, 103),
(2100, 667, 103),
(2101, 668, 103),
(2102, 669, 103),
(2103, 670, 103),
(2104, 671, 103),
(2105, 672, 103),
(2106, 673, 103),
(2107, 674, 103),
(2108, 675, 103),
(2109, 676, 103),
(2110, 641, 104),
(2111, 642, 104),
(2112, 643, 104),
(2113, 644, 104),
(2114, 645, 104),
(2115, 646, 104),
(2116, 647, 104),
(2117, 648, 104),
(2118, 649, 104),
(2119, 650, 104),
(2120, 651, 104),
(2121, 652, 104),
(2122, 653, 104),
(2123, 654, 104),
(2124, 655, 104),
(2125, 656, 104),
(2126, 657, 104),
(2127, 658, 104),
(2128, 659, 104),
(2129, 660, 104),
(2130, 661, 104),
(2131, 662, 104),
(2132, 663, 104),
(2133, 664, 104),
(2134, 665, 104),
(2135, 666, 104),
(2136, 667, 104),
(2137, 668, 104),
(2138, 669, 104),
(2139, 670, 104),
(2140, 671, 104),
(2141, 672, 104),
(2142, 673, 104),
(2143, 674, 104),
(2144, 675, 104),
(2145, 676, 104),
(2146, 641, 105),
(2147, 642, 105),
(2148, 643, 105),
(2149, 644, 105),
(2150, 645, 105),
(2151, 646, 105),
(2152, 647, 105),
(2153, 648, 105),
(2154, 649, 105),
(2155, 650, 105),
(2156, 651, 105),
(2157, 652, 105),
(2158, 653, 105),
(2159, 654, 105),
(2160, 655, 105),
(2161, 656, 105),
(2162, 657, 105),
(2163, 658, 105),
(2164, 659, 105),
(2165, 660, 105),
(2166, 661, 105),
(2167, 662, 105),
(2168, 663, 105),
(2169, 664, 105),
(2170, 665, 105),
(2171, 666, 105),
(2172, 667, 105),
(2173, 668, 105),
(2174, 669, 105),
(2175, 670, 105),
(2176, 671, 105),
(2177, 672, 105),
(2178, 673, 105),
(2179, 674, 105),
(2180, 675, 105),
(2181, 676, 105),
(2182, 579, 57),
(2183, 580, 57),
(2184, 581, 57),
(2185, 582, 57),
(2186, 583, 57),
(2187, 584, 57),
(2188, 585, 57),
(2189, 586, 57),
(2190, 587, 57),
(2191, 588, 57),
(2192, 589, 57),
(2193, 590, 57),
(2194, 591, 57),
(2195, 592, 57),
(2196, 593, 57),
(2197, 594, 57),
(2198, 595, 57),
(2199, 596, 57),
(2200, 597, 57),
(2201, 598, 57),
(2202, 599, 57),
(2203, 600, 57),
(2204, 601, 57),
(2205, 602, 57),
(2206, 603, 57),
(2207, 604, 57),
(2208, 605, 57),
(2209, 606, 57),
(2210, 607, 57),
(2211, 608, 57),
(2212, 609, 57),
(2213, 610, 57),
(2214, 611, 57),
(2215, 612, 57),
(2216, 613, 57),
(2217, 614, 57),
(2218, 615, 57),
(2219, 616, 57),
(2220, 617, 57),
(2221, 618, 57),
(2222, 619, 57),
(2223, 620, 57),
(2224, 621, 57),
(2225, 622, 57),
(2226, 623, 57),
(2227, 624, 57),
(2228, 625, 57),
(2229, 626, 57),
(2230, 627, 57),
(2231, 628, 57),
(2232, 629, 57),
(2233, 630, 57),
(2234, 631, 57),
(2235, 632, 57),
(2236, 633, 57),
(2237, 634, 57),
(2238, 635, 57),
(2239, 636, 57),
(2240, 637, 57),
(2241, 638, 57),
(2242, 639, 57),
(2243, 640, 57),
(2244, 579, 58),
(2245, 580, 58),
(2246, 581, 58),
(2247, 582, 58),
(2248, 583, 58),
(2249, 584, 58),
(2250, 585, 58),
(2251, 586, 58),
(2252, 587, 58),
(2253, 588, 58),
(2254, 589, 58),
(2255, 590, 58),
(2256, 591, 58),
(2257, 592, 58),
(2258, 593, 58),
(2259, 594, 58),
(2260, 595, 58),
(2261, 596, 58),
(2262, 597, 58),
(2263, 598, 58),
(2264, 599, 58),
(2265, 600, 58),
(2266, 601, 58),
(2267, 602, 58),
(2268, 603, 58),
(2269, 604, 58),
(2270, 605, 58),
(2271, 606, 58),
(2272, 607, 58),
(2273, 608, 58),
(2274, 609, 58),
(2275, 610, 58),
(2276, 611, 58),
(2277, 612, 58),
(2278, 613, 58),
(2279, 614, 58),
(2280, 615, 58),
(2281, 616, 58),
(2282, 617, 58),
(2283, 618, 58),
(2284, 619, 58),
(2285, 620, 58),
(2286, 621, 58),
(2287, 622, 58),
(2288, 623, 58),
(2289, 624, 58),
(2290, 625, 58),
(2291, 626, 58),
(2292, 627, 58),
(2293, 628, 58),
(2294, 629, 58),
(2295, 630, 58),
(2296, 631, 58),
(2297, 632, 58),
(2298, 633, 58),
(2299, 634, 58),
(2300, 635, 58),
(2301, 636, 58),
(2302, 637, 58),
(2303, 638, 58),
(2304, 639, 58),
(2305, 640, 58),
(2306, 579, 59),
(2307, 580, 59),
(2308, 581, 59),
(2309, 582, 59),
(2310, 583, 59),
(2311, 584, 59),
(2312, 585, 59),
(2313, 586, 59),
(2314, 587, 59),
(2315, 588, 59),
(2316, 589, 59),
(2317, 590, 59),
(2318, 591, 59),
(2319, 592, 59),
(2320, 593, 59),
(2321, 594, 59),
(2322, 595, 59),
(2323, 596, 59),
(2324, 597, 59),
(2325, 598, 59),
(2326, 599, 59),
(2327, 600, 59),
(2328, 601, 59),
(2329, 602, 59),
(2330, 603, 59),
(2331, 604, 59),
(2332, 605, 59),
(2333, 606, 59),
(2334, 607, 59),
(2335, 608, 59),
(2336, 609, 59),
(2337, 610, 59),
(2338, 611, 59),
(2339, 612, 59),
(2340, 613, 59),
(2341, 614, 59),
(2342, 615, 59),
(2343, 616, 59),
(2344, 617, 59),
(2345, 618, 59),
(2346, 619, 59),
(2347, 620, 59),
(2348, 621, 59),
(2349, 622, 59),
(2350, 623, 59),
(2351, 624, 59),
(2352, 625, 59),
(2353, 626, 59),
(2354, 627, 59),
(2355, 628, 59),
(2356, 629, 59),
(2357, 630, 59),
(2358, 631, 59),
(2359, 632, 59),
(2360, 633, 59),
(2361, 634, 59),
(2362, 635, 59),
(2363, 636, 59),
(2364, 637, 59),
(2365, 638, 59),
(2366, 639, 59),
(2367, 640, 59),
(2368, 579, 107),
(2369, 580, 107),
(2370, 581, 107),
(2371, 582, 107),
(2372, 583, 107),
(2373, 584, 107),
(2374, 585, 107),
(2375, 586, 107),
(2376, 587, 107),
(2377, 588, 107),
(2378, 589, 107),
(2379, 590, 107),
(2380, 591, 107),
(2381, 592, 107),
(2382, 593, 107),
(2383, 594, 107),
(2384, 595, 107),
(2385, 596, 107),
(2386, 597, 107),
(2387, 598, 107),
(2388, 599, 107),
(2389, 600, 107),
(2390, 601, 107),
(2391, 602, 107),
(2392, 603, 107),
(2393, 604, 107),
(2394, 605, 107),
(2395, 606, 107),
(2396, 607, 107),
(2397, 608, 107),
(2398, 609, 107),
(2399, 610, 107),
(2400, 611, 107),
(2401, 612, 107),
(2402, 613, 107),
(2403, 614, 107),
(2404, 615, 107),
(2405, 616, 107),
(2406, 617, 107),
(2407, 618, 107),
(2408, 619, 107),
(2409, 620, 107),
(2410, 621, 107),
(2411, 622, 107),
(2412, 623, 107),
(2413, 624, 107),
(2414, 625, 107),
(2415, 626, 107),
(2416, 627, 107),
(2417, 628, 107),
(2418, 629, 107),
(2419, 630, 107),
(2420, 631, 107),
(2421, 632, 107),
(2422, 633, 107),
(2423, 634, 107),
(2424, 635, 107),
(2425, 636, 107),
(2426, 637, 107),
(2427, 638, 107),
(2428, 639, 107),
(2429, 640, 107),
(2466, 579, 60),
(2467, 580, 60),
(2468, 581, 60),
(2469, 582, 60),
(2470, 583, 60),
(2471, 584, 60),
(2472, 585, 60),
(2473, 586, 60),
(2474, 587, 60),
(2475, 588, 60),
(2476, 589, 60),
(2477, 590, 60),
(2478, 591, 60),
(2479, 592, 60),
(2480, 593, 60),
(2481, 594, 60),
(2482, 595, 60),
(2483, 596, 60),
(2484, 597, 60),
(2485, 598, 60),
(2486, 599, 60),
(2487, 600, 60),
(2488, 601, 60),
(2489, 602, 60),
(2490, 603, 60),
(2491, 604, 60),
(2492, 605, 60),
(2493, 606, 60),
(2494, 607, 60),
(2495, 608, 60),
(2496, 609, 60),
(2497, 610, 60),
(2498, 611, 60),
(2499, 612, 60),
(2500, 613, 60),
(2501, 614, 60),
(2502, 615, 60),
(2503, 616, 60),
(2504, 617, 60),
(2505, 618, 60),
(2506, 619, 60),
(2507, 620, 60),
(2508, 621, 60),
(2509, 622, 60),
(2510, 623, 60),
(2511, 624, 60),
(2512, 625, 60),
(2513, 626, 60),
(2514, 627, 60),
(2515, 628, 60),
(2516, 629, 60),
(2517, 630, 60),
(2518, 631, 60),
(2519, 632, 60),
(2520, 633, 60),
(2521, 634, 60),
(2522, 635, 60),
(2523, 636, 60),
(2524, 637, 60),
(2525, 638, 60),
(2526, 639, 60),
(2527, 640, 60),
(2528, 579, 61),
(2529, 580, 61),
(2530, 581, 61),
(2531, 582, 61),
(2532, 583, 61),
(2533, 584, 61),
(2534, 585, 61),
(2535, 586, 61),
(2536, 587, 61),
(2537, 588, 61),
(2538, 589, 61),
(2539, 590, 61),
(2540, 591, 61),
(2541, 592, 61),
(2542, 593, 61),
(2543, 594, 61),
(2544, 595, 61),
(2545, 596, 61),
(2546, 597, 61),
(2547, 598, 61),
(2548, 599, 61),
(2549, 600, 61),
(2550, 601, 61),
(2551, 602, 61),
(2552, 603, 61),
(2553, 604, 61),
(2554, 605, 61),
(2555, 606, 61),
(2556, 607, 61),
(2557, 608, 61),
(2558, 609, 61),
(2559, 610, 61),
(2560, 611, 61),
(2561, 612, 61),
(2562, 613, 61),
(2563, 614, 61),
(2564, 615, 61),
(2565, 616, 61),
(2566, 617, 61),
(2567, 618, 61),
(2568, 619, 61),
(2569, 620, 61),
(2570, 621, 61),
(2571, 622, 61),
(2572, 623, 61),
(2573, 624, 61),
(2574, 625, 61),
(2575, 626, 61),
(2576, 627, 61),
(2577, 628, 61),
(2578, 629, 61),
(2579, 630, 61),
(2580, 631, 61),
(2581, 632, 61),
(2582, 633, 61),
(2583, 634, 61),
(2584, 635, 61),
(2585, 636, 61),
(2586, 637, 61),
(2587, 638, 61),
(2588, 639, 61),
(2589, 640, 61),
(2590, 579, 106),
(2591, 580, 106),
(2592, 581, 106),
(2593, 582, 106),
(2594, 583, 106),
(2595, 584, 106),
(2596, 585, 106),
(2597, 586, 106),
(2598, 587, 106),
(2599, 588, 106),
(2600, 589, 106),
(2601, 590, 106),
(2602, 591, 106),
(2603, 592, 106),
(2604, 593, 106),
(2605, 594, 106),
(2606, 595, 106),
(2607, 596, 106),
(2608, 597, 106),
(2609, 598, 106),
(2610, 599, 106),
(2611, 600, 106),
(2612, 601, 106),
(2613, 602, 106),
(2614, 603, 106),
(2615, 604, 106),
(2616, 605, 106),
(2617, 606, 106),
(2618, 607, 106),
(2619, 608, 106),
(2620, 609, 106),
(2621, 610, 106),
(2622, 611, 106),
(2623, 612, 106),
(2624, 613, 106),
(2625, 614, 106),
(2626, 615, 106),
(2627, 616, 106),
(2628, 617, 106),
(2629, 618, 106),
(2630, 619, 106),
(2631, 620, 106),
(2632, 621, 106),
(2633, 622, 106),
(2634, 623, 106),
(2635, 624, 106),
(2636, 625, 106),
(2637, 626, 106),
(2638, 627, 106),
(2639, 628, 106),
(2640, 629, 106),
(2641, 630, 106),
(2642, 631, 106),
(2643, 632, 106),
(2644, 633, 106),
(2645, 634, 106),
(2646, 635, 106),
(2647, 636, 106),
(2648, 637, 106),
(2649, 638, 106),
(2650, 639, 106),
(2651, 640, 106),
(2652, 497, 108),
(2653, 498, 108),
(2654, 499, 108),
(2655, 500, 108),
(2656, 501, 108),
(2657, 502, 108),
(2658, 503, 108),
(2659, 504, 108),
(2660, 505, 108),
(2661, 506, 108),
(2662, 507, 108),
(2663, 508, 108),
(2664, 509, 108),
(2665, 510, 108),
(2666, 511, 108),
(2667, 512, 108),
(2668, 513, 108),
(2669, 514, 108),
(2670, 515, 108),
(2671, 516, 108),
(2672, 517, 108),
(2673, 518, 108),
(2674, 519, 108),
(2675, 520, 108),
(2676, 521, 108),
(2677, 522, 108),
(2678, 523, 108),
(2679, 524, 108),
(2680, 525, 108),
(2681, 526, 108),
(2682, 527, 108),
(2683, 528, 108),
(2684, 529, 108),
(2685, 530, 108),
(2686, 531, 108),
(2687, 532, 108),
(2688, 533, 108),
(2689, 534, 108),
(2690, 535, 108),
(2691, 536, 108),
(2692, 537, 108),
(2693, 538, 108),
(2694, 539, 108),
(2695, 540, 108),
(2696, 541, 108),
(2697, 542, 108),
(2698, 543, 108),
(2699, 544, 108),
(2700, 545, 108),
(2701, 546, 108),
(2702, 547, 108),
(2703, 548, 108),
(2704, 549, 108),
(2705, 550, 108),
(2706, 551, 108),
(2707, 552, 108),
(2708, 553, 108),
(2709, 554, 108),
(2710, 555, 108),
(2711, 556, 108),
(2712, 557, 108),
(2713, 558, 108),
(2714, 559, 108),
(2715, 560, 108),
(2716, 561, 108),
(2717, 562, 108),
(2718, 563, 108),
(2719, 564, 108),
(2720, 565, 108),
(2721, 566, 108),
(2722, 567, 108),
(2723, 568, 108),
(2724, 569, 108),
(2725, 570, 108),
(2726, 571, 108),
(2727, 572, 108),
(2728, 573, 108),
(2729, 574, 108),
(2730, 575, 108),
(2731, 576, 108),
(2732, 577, 108),
(2733, 578, 108),
(2734, 497, 109),
(2735, 498, 109),
(2736, 499, 109),
(2737, 500, 109),
(2738, 501, 109),
(2739, 502, 109),
(2740, 503, 109),
(2741, 504, 109),
(2742, 505, 109),
(2743, 506, 109),
(2744, 507, 109),
(2745, 508, 109),
(2746, 509, 109),
(2747, 510, 109),
(2748, 511, 109),
(2749, 512, 109),
(2750, 513, 109),
(2751, 514, 109),
(2752, 515, 109),
(2753, 516, 109),
(2754, 517, 109),
(2755, 518, 109),
(2756, 519, 109),
(2757, 520, 109),
(2758, 521, 109),
(2759, 522, 109),
(2760, 523, 109),
(2761, 524, 109),
(2762, 525, 109),
(2763, 526, 109),
(2764, 527, 109),
(2765, 528, 109),
(2766, 529, 109),
(2767, 530, 109),
(2768, 531, 109),
(2769, 532, 109),
(2770, 533, 109),
(2771, 534, 109),
(2772, 535, 109),
(2773, 536, 109),
(2774, 537, 109),
(2775, 538, 109),
(2776, 539, 109),
(2777, 540, 109),
(2778, 541, 109),
(2779, 542, 109),
(2780, 543, 109),
(2781, 544, 109),
(2782, 545, 109),
(2783, 546, 109),
(2784, 547, 109),
(2785, 548, 109),
(2786, 549, 109),
(2787, 550, 109),
(2788, 551, 109),
(2789, 552, 109),
(2790, 553, 109),
(2791, 554, 109),
(2792, 555, 109),
(2793, 556, 109),
(2794, 557, 109),
(2795, 558, 109),
(2796, 559, 109),
(2797, 560, 109),
(2798, 561, 109),
(2799, 562, 109),
(2800, 563, 109),
(2801, 564, 109),
(2802, 565, 109),
(2803, 566, 109),
(2804, 567, 109),
(2805, 568, 109),
(2806, 569, 109),
(2807, 570, 109),
(2808, 571, 109),
(2809, 572, 109),
(2810, 573, 109),
(2811, 574, 109),
(2812, 575, 109),
(2813, 576, 109),
(2814, 577, 109),
(2815, 578, 109),
(2816, 497, 110),
(2817, 498, 110),
(2818, 499, 110),
(2819, 500, 110),
(2820, 501, 110),
(2821, 502, 110),
(2822, 503, 110),
(2823, 504, 110),
(2824, 505, 110),
(2825, 506, 110),
(2826, 507, 110),
(2827, 508, 110),
(2828, 509, 110),
(2829, 510, 110),
(2830, 511, 110),
(2831, 512, 110),
(2832, 513, 110),
(2833, 514, 110),
(2834, 515, 110),
(2835, 516, 110),
(2836, 517, 110),
(2837, 518, 110),
(2838, 519, 110),
(2839, 520, 110),
(2840, 521, 110),
(2841, 522, 110),
(2842, 523, 110),
(2843, 524, 110),
(2844, 525, 110),
(2845, 526, 110),
(2846, 527, 110),
(2847, 528, 110),
(2848, 529, 110),
(2849, 530, 110),
(2850, 531, 110),
(2851, 532, 110),
(2852, 533, 110),
(2853, 534, 110),
(2854, 535, 110),
(2855, 536, 110),
(2856, 537, 110),
(2857, 538, 110),
(2858, 539, 110),
(2859, 540, 110),
(2860, 541, 110),
(2861, 542, 110),
(2862, 543, 110),
(2863, 544, 110),
(2864, 545, 110),
(2865, 546, 110),
(2866, 547, 110),
(2867, 548, 110),
(2868, 549, 110),
(2869, 550, 110),
(2870, 551, 110),
(2871, 552, 110),
(2872, 553, 110),
(2873, 554, 110),
(2874, 555, 110),
(2875, 556, 110),
(2876, 557, 110),
(2877, 558, 110),
(2878, 559, 110),
(2879, 560, 110),
(2880, 561, 110),
(2881, 562, 110),
(2882, 563, 110),
(2883, 564, 110),
(2884, 565, 110),
(2885, 566, 110),
(2886, 567, 110),
(2887, 568, 110),
(2888, 569, 110),
(2889, 570, 110),
(2890, 571, 110),
(2891, 572, 110),
(2892, 573, 110),
(2893, 574, 110),
(2894, 575, 110),
(2895, 576, 110),
(2896, 577, 110),
(2897, 578, 110),
(2898, 497, 111),
(2899, 498, 111),
(2900, 499, 111),
(2901, 500, 111),
(2902, 501, 111),
(2903, 502, 111),
(2904, 503, 111),
(2905, 504, 111),
(2906, 505, 111),
(2907, 506, 111),
(2908, 507, 111),
(2909, 508, 111),
(2910, 509, 111),
(2911, 510, 111),
(2912, 511, 111),
(2913, 512, 111),
(2914, 513, 111),
(2915, 514, 111),
(2916, 515, 111),
(2917, 516, 111),
(2918, 517, 111),
(2919, 518, 111),
(2920, 519, 111),
(2921, 520, 111),
(2922, 521, 111),
(2923, 522, 111),
(2924, 523, 111),
(2925, 524, 111),
(2926, 525, 111),
(2927, 526, 111),
(2928, 527, 111),
(2929, 528, 111),
(2930, 529, 111),
(2931, 530, 111),
(2932, 531, 111),
(2933, 532, 111),
(2934, 533, 111),
(2935, 534, 111),
(2936, 535, 111),
(2937, 536, 111),
(2938, 537, 111),
(2939, 538, 111),
(2940, 539, 111),
(2941, 540, 111),
(2942, 541, 111),
(2943, 542, 111),
(2944, 543, 111),
(2945, 544, 111),
(2946, 545, 111),
(2947, 546, 111),
(2948, 547, 111),
(2949, 548, 111),
(2950, 549, 111),
(2951, 550, 111),
(2952, 551, 111),
(2953, 552, 111),
(2954, 553, 111),
(2955, 554, 111),
(2956, 555, 111),
(2957, 556, 111),
(2958, 557, 111),
(2959, 558, 111),
(2960, 559, 111),
(2961, 560, 111),
(2962, 561, 111),
(2963, 562, 111),
(2964, 563, 111),
(2965, 564, 111),
(2966, 565, 111),
(2967, 566, 111),
(2968, 567, 111),
(2969, 568, 111),
(2970, 569, 111),
(2971, 570, 111),
(2972, 571, 111),
(2973, 572, 111),
(2974, 573, 111),
(2975, 574, 111),
(2976, 575, 111),
(2977, 576, 111),
(2978, 577, 111),
(2979, 578, 111),
(2980, 497, 112),
(2981, 498, 112),
(2982, 499, 112),
(2983, 500, 112),
(2984, 501, 112),
(2985, 502, 112),
(2986, 503, 112),
(2987, 504, 112),
(2988, 505, 112),
(2989, 506, 112),
(2990, 507, 112),
(2991, 508, 112),
(2992, 509, 112),
(2993, 510, 112),
(2994, 511, 112),
(2995, 512, 112),
(2996, 513, 112),
(2997, 514, 112),
(2998, 515, 112),
(2999, 516, 112),
(3000, 517, 112),
(3001, 518, 112),
(3002, 519, 112),
(3003, 520, 112),
(3004, 521, 112),
(3005, 522, 112),
(3006, 523, 112),
(3007, 524, 112),
(3008, 525, 112),
(3009, 526, 112),
(3010, 527, 112),
(3011, 528, 112),
(3012, 529, 112),
(3013, 530, 112),
(3014, 531, 112),
(3015, 532, 112),
(3016, 533, 112),
(3017, 534, 112),
(3018, 535, 112),
(3019, 536, 112),
(3020, 537, 112),
(3021, 538, 112),
(3022, 539, 112),
(3023, 540, 112),
(3024, 541, 112),
(3025, 542, 112),
(3026, 543, 112),
(3027, 544, 112),
(3028, 545, 112),
(3029, 546, 112),
(3030, 547, 112),
(3031, 548, 112),
(3032, 549, 112),
(3033, 550, 112),
(3034, 551, 112),
(3035, 552, 112),
(3036, 553, 112),
(3037, 554, 112),
(3038, 555, 112),
(3039, 556, 112),
(3040, 557, 112),
(3041, 558, 112),
(3042, 559, 112),
(3043, 560, 112),
(3044, 561, 112),
(3045, 562, 112),
(3046, 563, 112),
(3047, 564, 112),
(3048, 565, 112),
(3049, 566, 112),
(3050, 567, 112),
(3051, 568, 112),
(3052, 569, 112),
(3053, 570, 112),
(3054, 571, 112),
(3055, 572, 112),
(3056, 573, 112),
(3057, 574, 112),
(3058, 575, 112),
(3059, 576, 112),
(3060, 577, 112),
(3061, 578, 112),
(3062, 497, 113),
(3063, 498, 113),
(3064, 499, 113),
(3065, 500, 113),
(3066, 501, 113),
(3067, 502, 113),
(3068, 503, 113),
(3069, 504, 113),
(3070, 505, 113),
(3071, 506, 113),
(3072, 507, 113),
(3073, 508, 113),
(3074, 509, 113),
(3075, 510, 113),
(3076, 511, 113),
(3077, 512, 113),
(3078, 513, 113),
(3079, 514, 113),
(3080, 515, 113),
(3081, 516, 113),
(3082, 517, 113),
(3083, 518, 113),
(3084, 519, 113),
(3085, 520, 113),
(3086, 521, 113),
(3087, 522, 113),
(3088, 523, 113),
(3089, 524, 113),
(3090, 525, 113),
(3091, 526, 113),
(3092, 527, 113),
(3093, 528, 113),
(3094, 529, 113),
(3095, 530, 113),
(3096, 531, 113),
(3097, 532, 113),
(3098, 533, 113),
(3099, 534, 113),
(3100, 535, 113),
(3101, 536, 113),
(3102, 537, 113),
(3103, 538, 113),
(3104, 539, 113),
(3105, 540, 113),
(3106, 541, 113),
(3107, 542, 113),
(3108, 543, 113),
(3109, 544, 113),
(3110, 545, 113),
(3111, 546, 113),
(3112, 547, 113),
(3113, 548, 113),
(3114, 549, 113),
(3115, 550, 113),
(3116, 551, 113),
(3117, 552, 113),
(3118, 553, 113),
(3119, 554, 113),
(3120, 555, 113),
(3121, 556, 113),
(3122, 557, 113),
(3123, 558, 113),
(3124, 559, 113),
(3125, 560, 113),
(3126, 561, 113),
(3127, 562, 113),
(3128, 563, 113),
(3129, 564, 113),
(3130, 565, 113),
(3131, 566, 113),
(3132, 567, 113),
(3133, 568, 113),
(3134, 569, 113),
(3135, 570, 113),
(3136, 571, 113),
(3137, 572, 113),
(3138, 573, 113),
(3139, 574, 113),
(3140, 575, 113),
(3141, 576, 113),
(3142, 577, 113),
(3143, 578, 113),
(3144, 497, 114),
(3145, 498, 114),
(3146, 499, 114),
(3147, 500, 114),
(3148, 501, 114),
(3149, 502, 114),
(3150, 503, 114),
(3151, 504, 114),
(3152, 505, 114),
(3153, 506, 114),
(3154, 507, 114),
(3155, 508, 114),
(3156, 509, 114),
(3157, 510, 114),
(3158, 511, 114),
(3159, 512, 114),
(3160, 513, 114),
(3161, 514, 114),
(3162, 515, 114),
(3163, 516, 114),
(3164, 517, 114),
(3165, 518, 114),
(3166, 519, 114),
(3167, 520, 114),
(3168, 521, 114),
(3169, 522, 114),
(3170, 523, 114),
(3171, 524, 114),
(3172, 525, 114),
(3173, 526, 114),
(3174, 527, 114),
(3175, 528, 114),
(3176, 529, 114),
(3177, 530, 114),
(3178, 531, 114),
(3179, 532, 114),
(3180, 533, 114),
(3181, 534, 114),
(3182, 535, 114),
(3183, 536, 114),
(3184, 537, 114),
(3185, 538, 114),
(3186, 539, 114),
(3187, 540, 114),
(3188, 541, 114),
(3189, 542, 114),
(3190, 543, 114),
(3191, 544, 114),
(3192, 545, 114),
(3193, 546, 114),
(3194, 547, 114),
(3195, 548, 114),
(3196, 549, 114),
(3197, 550, 114),
(3198, 551, 114),
(3199, 552, 114),
(3200, 553, 114),
(3201, 554, 114),
(3202, 555, 114),
(3203, 556, 114),
(3204, 557, 114),
(3205, 558, 114),
(3206, 559, 114),
(3207, 560, 114),
(3208, 561, 114),
(3209, 562, 114),
(3210, 563, 114),
(3211, 564, 114),
(3212, 565, 114),
(3213, 566, 114),
(3214, 567, 114),
(3215, 568, 114),
(3216, 569, 114),
(3217, 570, 114),
(3218, 571, 114),
(3219, 572, 114),
(3220, 573, 114),
(3221, 574, 114),
(3222, 575, 114),
(3223, 576, 114),
(3224, 577, 114),
(3225, 578, 114),
(3226, 497, 115),
(3227, 498, 115),
(3228, 499, 115),
(3229, 500, 115),
(3230, 501, 115),
(3231, 502, 115),
(3232, 503, 115),
(3233, 504, 115),
(3234, 505, 115),
(3235, 506, 115),
(3236, 507, 115),
(3237, 508, 115),
(3238, 509, 115),
(3239, 510, 115),
(3240, 511, 115),
(3241, 512, 115),
(3242, 513, 115),
(3243, 514, 115),
(3244, 515, 115),
(3245, 516, 115),
(3246, 517, 115),
(3247, 518, 115),
(3248, 519, 115),
(3249, 520, 115),
(3250, 521, 115),
(3251, 522, 115),
(3252, 523, 115),
(3253, 524, 115),
(3254, 525, 115),
(3255, 526, 115),
(3256, 527, 115),
(3257, 528, 115),
(3258, 529, 115),
(3259, 530, 115),
(3260, 531, 115),
(3261, 532, 115),
(3262, 533, 115),
(3263, 534, 115),
(3264, 535, 115),
(3265, 536, 115),
(3266, 537, 115),
(3267, 538, 115),
(3268, 539, 115),
(3269, 540, 115),
(3270, 541, 115),
(3271, 542, 115),
(3272, 543, 115),
(3273, 544, 115),
(3274, 545, 115),
(3275, 546, 115),
(3276, 547, 115),
(3277, 548, 115),
(3278, 549, 115),
(3279, 550, 115),
(3280, 551, 115),
(3281, 552, 115),
(3282, 553, 115),
(3283, 554, 115),
(3284, 555, 115),
(3285, 556, 115),
(3286, 557, 115),
(3287, 558, 115),
(3288, 559, 115),
(3289, 560, 115),
(3290, 561, 115),
(3291, 562, 115),
(3292, 563, 115),
(3293, 564, 115),
(3294, 565, 115),
(3295, 566, 115),
(3296, 567, 115),
(3297, 568, 115),
(3298, 569, 115),
(3299, 570, 115),
(3300, 571, 115),
(3301, 572, 115),
(3302, 573, 115),
(3303, 574, 115),
(3304, 575, 115),
(3305, 576, 115),
(3306, 577, 115),
(3307, 578, 115),
(3308, 446, 54),
(3309, 447, 54),
(3310, 448, 54),
(3311, 449, 54),
(3312, 450, 54),
(3313, 451, 54),
(3314, 452, 54),
(3315, 453, 54),
(3316, 454, 54),
(3317, 455, 54),
(3318, 456, 54),
(3319, 457, 54),
(3320, 458, 54),
(3321, 459, 54),
(3322, 460, 54),
(3323, 461, 54),
(3324, 462, 54),
(3325, 463, 54),
(3326, 464, 54),
(3327, 465, 54),
(3328, 466, 54),
(3329, 467, 54),
(3330, 468, 54),
(3331, 469, 54),
(3332, 470, 54),
(3333, 471, 54),
(3334, 472, 54),
(3335, 473, 54),
(3336, 474, 54),
(3337, 475, 54),
(3338, 476, 54),
(3339, 477, 54),
(3340, 478, 54),
(3341, 479, 54),
(3342, 480, 54),
(3343, 481, 54),
(3344, 482, 54),
(3345, 483, 54),
(3346, 484, 54),
(3347, 485, 54),
(3348, 486, 54),
(3349, 487, 54),
(3350, 488, 54),
(3351, 489, 54),
(3352, 490, 54),
(3353, 491, 54),
(3354, 492, 54),
(3355, 493, 54),
(3356, 494, 54),
(3357, 495, 54),
(3358, 496, 54),
(3359, 446, 55),
(3360, 447, 55),
(3361, 448, 55),
(3362, 449, 55),
(3363, 450, 55),
(3364, 451, 55),
(3365, 452, 55),
(3366, 453, 55),
(3367, 454, 55),
(3368, 455, 55),
(3369, 456, 55),
(3370, 457, 55),
(3371, 458, 55),
(3372, 459, 55),
(3373, 460, 55),
(3374, 461, 55),
(3375, 462, 55),
(3376, 463, 55),
(3377, 464, 55),
(3378, 465, 55),
(3379, 466, 55),
(3380, 467, 55),
(3381, 468, 55),
(3382, 469, 55),
(3383, 470, 55),
(3384, 471, 55),
(3385, 472, 55),
(3386, 473, 55),
(3387, 474, 55),
(3388, 475, 55),
(3389, 476, 55),
(3390, 477, 55),
(3391, 478, 55),
(3392, 479, 55),
(3393, 480, 55),
(3394, 481, 55),
(3395, 482, 55),
(3396, 483, 55),
(3397, 484, 55),
(3398, 485, 55),
(3399, 486, 55),
(3400, 487, 55),
(3401, 488, 55),
(3402, 489, 55),
(3403, 490, 55),
(3404, 491, 55),
(3405, 492, 55),
(3406, 493, 55),
(3407, 494, 55),
(3408, 495, 55),
(3409, 496, 55),
(3410, 446, 56),
(3411, 447, 56),
(3412, 448, 56),
(3413, 449, 56),
(3414, 450, 56),
(3415, 451, 56),
(3416, 452, 56),
(3417, 453, 56),
(3418, 454, 56),
(3419, 455, 56),
(3420, 456, 56),
(3421, 457, 56),
(3422, 458, 56),
(3423, 459, 56),
(3424, 460, 56),
(3425, 461, 56),
(3426, 462, 56),
(3427, 463, 56),
(3428, 464, 56),
(3429, 465, 56),
(3430, 466, 56),
(3431, 467, 56),
(3432, 468, 56),
(3433, 469, 56),
(3434, 470, 56),
(3435, 471, 56),
(3436, 472, 56),
(3437, 473, 56),
(3438, 474, 56),
(3439, 475, 56),
(3440, 476, 56),
(3441, 477, 56),
(3442, 478, 56),
(3443, 479, 56),
(3444, 480, 56),
(3445, 481, 56),
(3446, 482, 56),
(3447, 483, 56),
(3448, 484, 56),
(3449, 485, 56),
(3450, 486, 56),
(3451, 487, 56),
(3452, 488, 56),
(3453, 489, 56),
(3454, 490, 56),
(3455, 491, 56),
(3456, 492, 56),
(3457, 493, 56),
(3458, 494, 56),
(3459, 495, 56),
(3460, 496, 56),
(3461, 55, 52),
(3462, 56, 52),
(3463, 57, 52),
(3464, 58, 52),
(3465, 59, 52),
(3466, 60, 52),
(3467, 61, 52),
(3468, 62, 52),
(3469, 63, 52),
(3470, 64, 52),
(3471, 65, 52),
(3472, 66, 52),
(3473, 67, 52),
(3474, 68, 52),
(3475, 69, 52),
(3476, 70, 52),
(3477, 71, 52),
(3478, 72, 52),
(3479, 73, 52),
(3480, 74, 52),
(3481, 75, 52),
(3482, 76, 52),
(3483, 77, 52),
(3484, 78, 52),
(3485, 79, 52),
(3486, 80, 52),
(3487, 81, 52),
(3488, 82, 52),
(3489, 83, 52),
(3490, 84, 52),
(3491, 85, 52),
(3492, 86, 52),
(3493, 87, 52),
(3494, 88, 52),
(3495, 89, 52),
(3496, 90, 52),
(3497, 91, 52),
(3498, 92, 52),
(3499, 93, 52),
(3500, 94, 52),
(3501, 95, 52),
(3502, 96, 52),
(3503, 97, 52),
(3504, 98, 52),
(3505, 99, 52),
(3506, 100, 52),
(3507, 101, 52),
(3508, 102, 52),
(3509, 103, 52),
(3510, 104, 52),
(3511, 105, 52),
(3512, 106, 52),
(3513, 107, 52),
(3514, 108, 52),
(3515, 109, 52),
(3516, 110, 52),
(3517, 409, 91),
(3518, 411, 91),
(3519, 412, 91),
(3520, 413, 91),
(3521, 415, 91),
(3522, 416, 91),
(3523, 417, 91),
(3524, 418, 91),
(3525, 419, 91),
(3526, 420, 91),
(3527, 421, 91),
(3528, 422, 91),
(3529, 423, 91),
(3530, 425, 91),
(3531, 426, 91),
(3532, 427, 91),
(3533, 428, 91),
(3534, 429, 91),
(3535, 430, 91),
(3536, 431, 91),
(3537, 432, 91),
(3538, 433, 91),
(3539, 434, 91),
(3540, 435, 91),
(3541, 436, 91),
(3542, 437, 91),
(3543, 438, 91),
(3544, 439, 91),
(3545, 440, 91),
(3546, 441, 91),
(3547, 442, 91),
(3548, 443, 91),
(3549, 444, 91),
(3550, 445, 91),
(3551, 409, 85),
(3552, 411, 85),
(3553, 412, 85),
(3554, 413, 85),
(3555, 415, 85),
(3556, 416, 85),
(3557, 417, 85),
(3558, 418, 85),
(3559, 419, 85),
(3560, 420, 85),
(3561, 421, 85),
(3562, 422, 85),
(3563, 423, 85),
(3564, 425, 85),
(3565, 426, 85),
(3566, 427, 85),
(3567, 428, 85),
(3568, 429, 85),
(3569, 430, 85),
(3570, 431, 85),
(3571, 432, 85),
(3572, 433, 85),
(3573, 434, 85),
(3574, 435, 85),
(3575, 436, 85),
(3576, 437, 85),
(3577, 438, 85),
(3578, 439, 85),
(3579, 440, 85),
(3580, 441, 85),
(3581, 442, 85),
(3582, 443, 85),
(3583, 444, 85),
(3584, 445, 85),
(3585, 410, 68),
(3586, 305, 77),
(3587, 307, 77),
(3588, 311, 77),
(3589, 313, 77),
(3590, 315, 77),
(3591, 317, 77),
(3592, 319, 77),
(3593, 323, 77),
(3594, 325, 77),
(3595, 329, 77),
(3596, 331, 77),
(3597, 333, 77),
(3598, 335, 77),
(3599, 337, 77),
(3600, 339, 77),
(3601, 341, 77),
(3602, 346, 77),
(3603, 348, 77),
(3604, 350, 77),
(3605, 352, 77),
(3606, 354, 77),
(3607, 355, 77),
(3608, 357, 77),
(3609, 359, 77),
(3610, 361, 77),
(3611, 363, 77),
(3612, 367, 77),
(3613, 368, 77),
(3614, 370, 77),
(3615, 373, 77),
(3616, 379, 77),
(3617, 381, 77),
(3618, 383, 77),
(3619, 385, 77),
(3620, 387, 77),
(3621, 388, 77),
(3622, 390, 77),
(3623, 393, 77),
(3624, 209, 46),
(3625, 294, 70),
(3626, 295, 70),
(3627, 296, 70),
(3628, 297, 70),
(3629, 298, 70),
(3630, 299, 70),
(3631, 300, 70),
(3632, 301, 70),
(3633, 302, 70),
(3634, 303, 70),
(3635, 304, 70),
(3636, 306, 70),
(3637, 308, 70),
(3638, 309, 70),
(3639, 310, 70),
(3640, 312, 70),
(3641, 314, 70),
(3642, 316, 70),
(3643, 318, 70),
(3644, 320, 70),
(3645, 321, 70),
(3646, 322, 70),
(3647, 324, 70),
(3648, 326, 70),
(3649, 327, 70),
(3650, 328, 70),
(3651, 330, 70),
(3652, 332, 70),
(3653, 334, 70),
(3654, 336, 70),
(3655, 338, 70),
(3656, 340, 70),
(3657, 342, 70),
(3658, 343, 70),
(3659, 344, 70),
(3660, 345, 70),
(3661, 347, 70),
(3662, 349, 70),
(3663, 351, 70),
(3664, 410, 70),
(3665, 409, 93),
(3666, 411, 93),
(3667, 412, 93),
(3668, 413, 93),
(3669, 415, 93),
(3670, 416, 93),
(3671, 417, 93),
(3672, 418, 93),
(3673, 419, 93),
(3674, 420, 93),
(3675, 421, 93),
(3676, 422, 93),
(3677, 423, 93),
(3678, 425, 93),
(3679, 426, 93),
(3680, 427, 93),
(3681, 428, 93),
(3682, 429, 93),
(3683, 430, 93),
(3684, 431, 93),
(3685, 432, 93),
(3686, 433, 93),
(3687, 434, 93),
(3688, 435, 93),
(3689, 436, 93),
(3690, 437, 93),
(3691, 438, 93),
(3692, 439, 93),
(3693, 440, 93),
(3694, 441, 93),
(3695, 442, 93),
(3696, 443, 93),
(3697, 444, 93),
(3698, 445, 93),
(3699, 677, 93),
(3700, 678, 93),
(3734, 682, 92),
(3735, 683, 92),
(3736, 684, 92),
(3737, 685, 92),
(3738, 686, 92),
(3739, 687, 92),
(3740, 688, 92),
(3741, 689, 92),
(3742, 690, 92),
(3743, 691, 92),
(3744, 692, 92),
(3745, 693, 92),
(3746, 694, 92),
(3747, 695, 92),
(3748, 696, 92),
(3749, 697, 92),
(3750, 698, 92),
(3751, 699, 92),
(3752, 700, 92),
(3753, 701, 92),
(3754, 702, 92),
(3755, 703, 92),
(3756, 704, 92),
(3757, 705, 92),
(3758, 706, 92),
(3759, 707, 92),
(3760, 708, 92),
(3761, 709, 92),
(3762, 710, 92),
(3763, 711, 92),
(3764, 712, 92),
(3765, 713, 92),
(3766, 714, 92),
(3767, 680, 93),
(3768, 681, 93),
(3769, 682, 83);
INSERT INTO `student_course` (`sc_id`, `std_id`, `course_id`) VALUES
(3770, 683, 83),
(3771, 684, 83),
(3772, 685, 83),
(3773, 686, 83),
(3774, 687, 83),
(3775, 688, 83),
(3776, 689, 83),
(3777, 690, 83),
(3778, 691, 83),
(3779, 692, 83),
(3780, 693, 83),
(3781, 694, 83),
(3782, 695, 83),
(3783, 696, 83),
(3784, 697, 83),
(3785, 698, 83),
(3786, 699, 83),
(3787, 700, 83),
(3788, 701, 83),
(3789, 702, 83),
(3790, 703, 83),
(3791, 704, 83),
(3792, 705, 83),
(3793, 706, 83),
(3794, 707, 83),
(3795, 708, 83),
(3796, 709, 83),
(3797, 710, 83),
(3798, 711, 83),
(3799, 712, 83),
(3800, 713, 83),
(3801, 714, 83),
(3802, 409, 89),
(3803, 411, 89),
(3804, 412, 89),
(3805, 413, 89),
(3806, 415, 89),
(3807, 416, 89),
(3808, 417, 89),
(3809, 418, 89),
(3810, 419, 89),
(3811, 420, 89),
(3812, 421, 89),
(3813, 422, 89),
(3814, 423, 89),
(3815, 425, 89),
(3816, 426, 89),
(3817, 427, 89),
(3818, 428, 89),
(3819, 429, 89),
(3820, 430, 89),
(3821, 431, 89),
(3822, 432, 89),
(3823, 433, 89),
(3824, 434, 89),
(3825, 435, 89),
(3826, 436, 89),
(3827, 437, 89),
(3828, 438, 89),
(3829, 439, 89),
(3830, 440, 89),
(3831, 441, 89),
(3832, 442, 89),
(3833, 443, 89),
(3834, 444, 89),
(3835, 445, 89),
(3836, 677, 89),
(3837, 678, 89),
(3838, 680, 89),
(3839, 681, 89),
(3840, 246, 80),
(3841, 247, 80),
(3843, 249, 80),
(3844, 250, 80),
(3845, 251, 80),
(3846, 252, 80),
(3847, 253, 80),
(3848, 254, 80),
(3850, 256, 80),
(3851, 257, 80),
(3852, 258, 80),
(3853, 259, 80),
(3854, 261, 80),
(3855, 262, 80),
(3856, 263, 80),
(3857, 264, 80),
(3858, 265, 80),
(3859, 266, 80),
(3860, 267, 80),
(3861, 268, 80),
(3862, 269, 80),
(3863, 270, 80),
(3864, 271, 80),
(3865, 272, 80),
(3866, 111, 37),
(3867, 112, 37),
(3868, 113, 37),
(3869, 114, 37),
(3870, 115, 37),
(3871, 116, 37),
(3872, 117, 37),
(3873, 118, 37),
(3874, 119, 37),
(3875, 120, 37),
(3876, 121, 37),
(3877, 122, 37),
(3878, 123, 37),
(3879, 124, 37),
(3880, 125, 37),
(3881, 126, 37),
(3882, 127, 37),
(3883, 128, 37),
(3884, 129, 37),
(3885, 130, 37),
(3886, 131, 37),
(3887, 132, 37),
(3888, 133, 37),
(3889, 134, 37),
(3890, 135, 37),
(3891, 136, 37),
(3892, 137, 37),
(3893, 138, 37),
(3894, 139, 37),
(3895, 140, 37),
(3896, 141, 37),
(3897, 142, 37),
(3898, 143, 37),
(3899, 144, 37),
(3900, 145, 37),
(3901, 146, 37),
(3902, 147, 37),
(3903, 148, 37),
(3904, 149, 37),
(3905, 150, 37),
(3906, 151, 37),
(3907, 152, 37),
(3908, 153, 37),
(3909, 154, 37),
(3910, 155, 37),
(3911, 156, 37),
(3912, 157, 37),
(3913, 409, 84),
(3914, 411, 84),
(3915, 412, 84),
(3916, 413, 84),
(3917, 415, 84),
(3918, 416, 84),
(3919, 417, 84),
(3920, 418, 84),
(3921, 419, 84),
(3922, 420, 84),
(3923, 421, 84),
(3924, 422, 84),
(3925, 423, 84),
(3926, 425, 84),
(3927, 426, 84),
(3928, 427, 84),
(3929, 428, 84),
(3930, 429, 84),
(3931, 430, 84),
(3932, 431, 84),
(3933, 432, 84),
(3934, 433, 84),
(3935, 434, 84),
(3936, 435, 84),
(3937, 436, 84),
(3938, 437, 84),
(3939, 438, 84),
(3940, 439, 84),
(3941, 440, 84),
(3942, 441, 84),
(3943, 442, 84),
(3944, 443, 84),
(3945, 444, 84),
(3946, 445, 84),
(3947, 677, 84),
(3948, 678, 84),
(3949, 680, 84),
(3950, 681, 84),
(4022, 682, 90),
(4023, 683, 90),
(4024, 684, 90),
(4025, 685, 90),
(4026, 686, 90),
(4027, 687, 90),
(4028, 688, 90),
(4029, 689, 90),
(4030, 690, 90),
(4031, 691, 90),
(4032, 692, 90),
(4033, 693, 90),
(4034, 694, 90),
(4035, 695, 90),
(4036, 696, 90),
(4037, 697, 90),
(4038, 698, 90),
(4039, 699, 90),
(4040, 700, 90),
(4041, 701, 90),
(4042, 702, 90),
(4043, 703, 90),
(4044, 704, 90),
(4045, 705, 90),
(4046, 706, 90),
(4047, 707, 90),
(4048, 708, 90),
(4049, 709, 90),
(4050, 710, 90),
(4051, 711, 90),
(4052, 712, 90),
(4053, 713, 90),
(4054, 714, 90),
(4055, 305, 75),
(4056, 307, 75),
(4057, 311, 75),
(4058, 313, 75),
(4059, 315, 75),
(4060, 317, 75),
(4061, 319, 75),
(4062, 323, 75),
(4063, 325, 75),
(4064, 329, 75),
(4065, 331, 75),
(4066, 333, 75),
(4067, 335, 75),
(4068, 337, 75),
(4069, 339, 75),
(4070, 341, 75),
(4071, 346, 75),
(4072, 348, 75),
(4073, 350, 75),
(4074, 352, 75),
(4075, 354, 75),
(4076, 355, 75),
(4077, 357, 75),
(4078, 359, 75),
(4079, 361, 75),
(4080, 363, 75),
(4081, 367, 75),
(4082, 368, 75),
(4083, 370, 75),
(4084, 373, 75),
(4085, 379, 75),
(4086, 381, 75),
(4087, 383, 75),
(4088, 385, 75),
(4089, 387, 75),
(4090, 388, 75),
(4091, 390, 75),
(4092, 393, 75),
(4093, 353, 71),
(4094, 356, 71),
(4095, 358, 71),
(4096, 360, 71),
(4097, 362, 71),
(4098, 364, 71),
(4099, 365, 71),
(4100, 366, 71),
(4101, 369, 71),
(4102, 371, 71),
(4103, 372, 71),
(4104, 374, 71),
(4105, 375, 71),
(4106, 376, 71),
(4107, 377, 71),
(4108, 378, 71),
(4109, 380, 71),
(4110, 382, 71),
(4111, 384, 71),
(4112, 386, 71),
(4113, 389, 71),
(4114, 391, 71),
(4115, 392, 71),
(4116, 394, 71),
(4117, 395, 71),
(4118, 396, 71),
(4119, 397, 71),
(4120, 398, 71),
(4121, 399, 71),
(4122, 400, 71),
(4123, 401, 71),
(4124, 402, 71),
(4125, 403, 71),
(4126, 404, 71),
(4127, 405, 71),
(4128, 406, 71),
(4129, 407, 71),
(4130, 408, 71),
(4131, 210, 81),
(4132, 211, 81),
(4133, 212, 81),
(4134, 213, 81),
(4135, 214, 81),
(4136, 215, 81),
(4137, 216, 81),
(4138, 217, 81),
(4139, 218, 81),
(4140, 219, 81),
(4141, 220, 81),
(4142, 221, 81),
(4143, 222, 81),
(4144, 223, 81),
(4145, 224, 81),
(4146, 225, 81),
(4147, 226, 81),
(4148, 227, 81),
(4149, 228, 81),
(4150, 229, 81),
(4151, 230, 81),
(4152, 231, 81),
(4153, 232, 81),
(4154, 233, 81),
(4155, 234, 81),
(4156, 235, 81),
(4157, 236, 81),
(4158, 237, 81),
(4159, 238, 81),
(4160, 239, 81),
(4161, 240, 81),
(4162, 241, 81),
(4163, 242, 81),
(4164, 243, 81),
(4165, 244, 81),
(4166, 245, 81),
(4167, 682, 86),
(4168, 683, 86),
(4169, 684, 86),
(4170, 685, 86),
(4171, 686, 86),
(4172, 687, 86),
(4173, 688, 86),
(4174, 689, 86),
(4175, 690, 86),
(4176, 691, 86),
(4177, 692, 86),
(4178, 693, 86),
(4179, 694, 86),
(4180, 695, 86),
(4181, 696, 86),
(4182, 697, 86),
(4183, 698, 86),
(4184, 699, 86),
(4185, 700, 86),
(4186, 701, 86),
(4187, 702, 86),
(4188, 703, 86),
(4189, 704, 86),
(4190, 705, 86),
(4191, 706, 86),
(4192, 707, 86),
(4193, 708, 86),
(4194, 709, 86),
(4195, 710, 86),
(4196, 711, 86),
(4197, 712, 86),
(4198, 713, 86),
(4199, 714, 86),
(4200, 246, 79),
(4201, 247, 79),
(4202, 248, 79),
(4203, 249, 79),
(4204, 250, 79),
(4205, 251, 79),
(4206, 252, 79),
(4207, 253, 79),
(4208, 254, 79),
(4209, 255, 79),
(4210, 256, 79),
(4211, 257, 79),
(4212, 258, 79),
(4213, 259, 79),
(4214, 260, 79),
(4215, 261, 79),
(4216, 262, 79),
(4217, 263, 79),
(4218, 264, 79),
(4219, 265, 79),
(4220, 266, 79),
(4221, 267, 79),
(4222, 268, 79),
(4223, 269, 79),
(4224, 270, 79),
(4225, 271, 79),
(4226, 272, 79),
(4227, 210, 82),
(4228, 211, 82),
(4229, 212, 82),
(4230, 213, 82),
(4231, 214, 82),
(4232, 215, 82),
(4233, 216, 82),
(4234, 217, 82),
(4235, 218, 82),
(4236, 219, 82),
(4237, 220, 82),
(4238, 221, 82),
(4239, 222, 82),
(4240, 223, 82),
(4241, 224, 82),
(4242, 225, 82),
(4243, 226, 82),
(4244, 227, 82),
(4245, 228, 82),
(4246, 229, 82),
(4247, 230, 82),
(4248, 231, 82),
(4249, 232, 82),
(4250, 233, 82),
(4251, 234, 82),
(4252, 235, 82),
(4253, 236, 82),
(4254, 237, 82),
(4255, 238, 82),
(4256, 239, 82),
(4257, 240, 82),
(4258, 241, 82),
(4259, 242, 82),
(4260, 243, 82),
(4261, 244, 82),
(4262, 245, 82),
(4263, 111, 41),
(4264, 112, 41),
(4265, 113, 41),
(4266, 114, 41),
(4267, 115, 41),
(4268, 116, 41),
(4269, 117, 41),
(4270, 118, 41),
(4271, 119, 41),
(4272, 120, 41),
(4273, 121, 41),
(4274, 122, 41),
(4275, 123, 41),
(4276, 124, 41),
(4277, 125, 41),
(4278, 126, 41),
(4279, 127, 41),
(4280, 128, 41),
(4281, 129, 41),
(4282, 130, 41),
(4283, 131, 41),
(4284, 132, 41),
(4285, 133, 41),
(4286, 134, 41),
(4287, 135, 41),
(4288, 136, 41),
(4289, 137, 41),
(4290, 138, 41),
(4291, 139, 41),
(4292, 140, 41),
(4293, 141, 41),
(4294, 142, 41),
(4295, 143, 41),
(4296, 144, 41),
(4297, 145, 41),
(4298, 146, 41),
(4299, 147, 41),
(4300, 148, 41),
(4301, 149, 41),
(4302, 150, 41),
(4303, 151, 41),
(4304, 152, 41),
(4305, 153, 41),
(4306, 154, 41),
(4307, 155, 41),
(4308, 156, 41),
(4309, 157, 41),
(4310, 111, 42),
(4311, 112, 42),
(4312, 113, 42),
(4313, 114, 42),
(4314, 115, 42),
(4315, 116, 42),
(4316, 117, 42),
(4317, 118, 42),
(4318, 119, 42),
(4319, 120, 42),
(4320, 121, 42),
(4321, 122, 42),
(4322, 123, 42),
(4323, 124, 42),
(4324, 125, 42),
(4325, 126, 42),
(4326, 127, 42),
(4327, 128, 42),
(4328, 129, 42),
(4329, 130, 42),
(4330, 131, 42),
(4331, 132, 42),
(4332, 133, 42),
(4333, 134, 42),
(4334, 135, 42),
(4335, 136, 42),
(4336, 137, 42),
(4337, 138, 42),
(4338, 139, 42),
(4339, 140, 42),
(4340, 141, 42),
(4341, 142, 42),
(4342, 143, 42),
(4343, 144, 42),
(4344, 145, 42),
(4345, 146, 42),
(4346, 147, 42),
(4347, 148, 42),
(4348, 149, 42),
(4349, 150, 42),
(4350, 151, 42),
(4351, 152, 42),
(4352, 153, 42),
(4353, 154, 42),
(4354, 155, 42),
(4355, 156, 42),
(4356, 157, 42),
(4357, 55, 14),
(4358, 56, 14),
(4359, 57, 14),
(4360, 58, 14),
(4361, 59, 14),
(4362, 60, 14),
(4363, 61, 14),
(4364, 62, 14),
(4365, 63, 14),
(4366, 64, 14),
(4367, 65, 14),
(4368, 66, 14),
(4369, 67, 14),
(4370, 68, 14),
(4371, 69, 14),
(4372, 70, 14),
(4373, 71, 14),
(4374, 72, 14),
(4375, 73, 14),
(4376, 74, 14),
(4377, 75, 14),
(4378, 76, 14),
(4379, 77, 14),
(4380, 78, 14),
(4381, 79, 14),
(4382, 80, 14),
(4383, 81, 14),
(4384, 82, 14),
(4385, 83, 14),
(4386, 84, 14),
(4387, 85, 14),
(4388, 86, 14),
(4389, 87, 14),
(4390, 88, 14),
(4391, 89, 14),
(4392, 90, 14),
(4393, 91, 14),
(4394, 92, 14),
(4395, 93, 14),
(4396, 94, 14),
(4397, 95, 14),
(4398, 96, 14),
(4399, 97, 14),
(4400, 98, 14),
(4401, 99, 14),
(4402, 100, 14),
(4403, 101, 14),
(4404, 102, 14),
(4405, 103, 14),
(4406, 104, 14),
(4407, 105, 14),
(4408, 106, 14),
(4409, 107, 14),
(4410, 108, 14),
(4411, 109, 14),
(4412, 110, 14),
(4413, 204, 41),
(4414, 205, 41),
(4415, 209, 41),
(4416, 5, 41),
(4417, 26, 41),
(4418, 41, 41),
(4419, 98, 41),
(4420, 715, 41),
(4421, 716, 41),
(4422, 158, 3),
(4423, 159, 3),
(4424, 160, 3),
(4425, 161, 3),
(4426, 162, 3),
(4427, 163, 3),
(4428, 164, 3),
(4429, 165, 3),
(4430, 166, 3),
(4431, 167, 3),
(4432, 168, 3),
(4433, 169, 3),
(4434, 170, 3),
(4435, 171, 3),
(4436, 172, 3),
(4437, 173, 3),
(4438, 174, 3),
(4439, 175, 3),
(4440, 176, 3),
(4441, 177, 3),
(4442, 178, 3),
(4443, 179, 3),
(4444, 180, 3),
(4445, 181, 3),
(4446, 182, 3),
(4447, 183, 3),
(4448, 184, 3),
(4449, 185, 3),
(4450, 186, 3),
(4451, 187, 3),
(4452, 188, 3),
(4453, 189, 3),
(4454, 190, 3),
(4455, 191, 3),
(4456, 192, 3),
(4457, 193, 3),
(4458, 194, 3),
(4459, 195, 3),
(4460, 196, 3),
(4461, 197, 3),
(4462, 198, 3),
(4463, 199, 3),
(4464, 200, 3),
(4465, 201, 3),
(4466, 202, 3),
(4467, 203, 3),
(4468, 131, 3),
(4469, 132, 3),
(4470, 133, 3),
(4471, 153, 3),
(4472, 155, 3),
(4473, 209, 3),
(4474, 715, 3),
(4475, 145, 3),
(4476, 11, 3),
(4477, 74, 3),
(4478, 109, 3),
(4479, 717, 3),
(4480, 111, 9),
(4481, 112, 9),
(4482, 113, 9),
(4483, 114, 9),
(4484, 115, 9),
(4485, 116, 9),
(4486, 117, 9),
(4487, 118, 9),
(4488, 119, 9),
(4489, 120, 9),
(4490, 121, 9),
(4491, 122, 9),
(4492, 123, 9),
(4493, 124, 9),
(4494, 125, 9),
(4495, 126, 9),
(4496, 127, 9),
(4497, 128, 9),
(4498, 129, 9),
(4499, 130, 9),
(4500, 131, 9),
(4501, 132, 9),
(4502, 133, 9),
(4503, 134, 9),
(4504, 135, 9),
(4505, 136, 9),
(4506, 137, 9),
(4507, 138, 9),
(4508, 139, 9),
(4509, 140, 9),
(4510, 141, 9),
(4511, 142, 9),
(4512, 143, 9),
(4513, 144, 9),
(4514, 145, 9),
(4515, 146, 9),
(4516, 147, 9),
(4517, 148, 9),
(4518, 149, 9),
(4519, 150, 9),
(4520, 151, 9),
(4521, 152, 9),
(4522, 153, 9),
(4523, 154, 9),
(4524, 155, 9),
(4525, 156, 9),
(4526, 157, 9),
(4527, 262, 68),
(4531, 228, 93),
(4532, 235, 93),
(4533, 238, 93),
(4534, 277, 92),
(4535, 280, 92),
(4536, 283, 92),
(4537, 258, 92),
(4538, 271, 92),
(4539, 409, 94),
(4540, 411, 94),
(4541, 412, 94),
(4542, 413, 94),
(4543, 415, 94),
(4544, 416, 94),
(4545, 417, 94),
(4546, 418, 94),
(4547, 419, 94),
(4548, 420, 94),
(4549, 421, 94),
(4550, 422, 94),
(4551, 423, 94),
(4552, 425, 94),
(4553, 426, 94),
(4554, 427, 94),
(4555, 428, 94),
(4556, 429, 94),
(4557, 430, 94),
(4558, 431, 94),
(4559, 432, 94),
(4560, 433, 94),
(4561, 434, 94),
(4562, 435, 94),
(4563, 436, 94),
(4564, 437, 94),
(4565, 438, 94),
(4566, 439, 94),
(4567, 440, 94),
(4568, 441, 94),
(4569, 442, 94),
(4570, 443, 94),
(4571, 444, 94),
(4572, 445, 94),
(4573, 677, 94),
(4574, 678, 94),
(4575, 680, 94),
(4576, 681, 94),
(4577, 294, 88),
(4578, 295, 88),
(4579, 296, 88),
(4580, 297, 88),
(4581, 298, 88),
(4582, 299, 88),
(4583, 300, 88),
(4584, 301, 88),
(4585, 302, 88),
(4586, 303, 88),
(4587, 304, 88),
(4588, 306, 88),
(4589, 308, 88),
(4590, 309, 88),
(4591, 310, 88),
(4592, 312, 88),
(4593, 314, 88),
(4594, 316, 88),
(4595, 318, 88),
(4596, 320, 88),
(4597, 321, 88),
(4598, 322, 88),
(4599, 324, 88),
(4600, 326, 88),
(4601, 327, 88),
(4602, 328, 88),
(4603, 330, 88),
(4604, 332, 88),
(4605, 334, 88),
(4606, 336, 88),
(4607, 338, 88),
(4608, 340, 88),
(4609, 342, 88),
(4610, 343, 88),
(4611, 344, 88),
(4612, 345, 88),
(4613, 347, 88),
(4614, 349, 88),
(4615, 351, 88),
(4616, 353, 88),
(4617, 356, 88),
(4618, 358, 88),
(4619, 360, 88),
(4620, 362, 88),
(4621, 364, 88),
(4622, 365, 88),
(4623, 366, 88),
(4624, 369, 88),
(4625, 371, 88),
(4626, 372, 88),
(4627, 374, 88),
(4628, 375, 88),
(4629, 376, 88),
(4630, 377, 88),
(4631, 378, 88),
(4632, 380, 88),
(4633, 382, 88),
(4634, 384, 88),
(4635, 386, 88),
(4636, 389, 88),
(4637, 391, 88),
(4638, 392, 88),
(4639, 394, 88),
(4640, 395, 88),
(4641, 396, 88),
(4642, 397, 88),
(4643, 398, 88),
(4644, 399, 88),
(4645, 400, 88),
(4646, 401, 88),
(4647, 402, 88),
(4648, 403, 88),
(4649, 404, 88),
(4650, 405, 88),
(4651, 406, 88),
(4652, 407, 88),
(4653, 408, 88),
(4654, 410, 88),
(4655, 158, 31),
(4656, 159, 31),
(4657, 160, 31),
(4658, 161, 31),
(4659, 162, 31),
(4660, 163, 31),
(4661, 164, 31),
(4662, 165, 31),
(4663, 166, 31),
(4664, 167, 31),
(4665, 168, 31),
(4666, 169, 31),
(4667, 170, 31),
(4668, 171, 31),
(4669, 172, 31),
(4670, 173, 31),
(4671, 174, 31),
(4672, 175, 31),
(4673, 176, 31),
(4674, 177, 31),
(4675, 178, 31),
(4676, 179, 31),
(4677, 180, 31),
(4678, 181, 31),
(4679, 182, 31),
(4680, 183, 31),
(4681, 184, 31),
(4682, 185, 31),
(4683, 186, 31),
(4684, 187, 31),
(4685, 188, 31),
(4686, 189, 31),
(4687, 190, 31),
(4688, 191, 31),
(4689, 192, 31),
(4690, 193, 31),
(4691, 194, 31),
(4692, 195, 31),
(4693, 196, 31),
(4694, 197, 31),
(4695, 198, 31),
(4696, 199, 31),
(4697, 200, 31),
(4698, 201, 31),
(4699, 202, 31),
(4700, 203, 31),
(4701, 210, 99),
(4702, 211, 99),
(4703, 212, 99),
(4704, 213, 99),
(4705, 214, 99),
(4706, 215, 99),
(4707, 216, 99),
(4708, 217, 99),
(4709, 218, 99),
(4710, 219, 99),
(4711, 220, 99),
(4712, 221, 99),
(4713, 222, 99),
(4714, 223, 99),
(4715, 224, 99),
(4716, 225, 99),
(4717, 226, 99),
(4718, 227, 99),
(4719, 228, 99),
(4720, 229, 99),
(4721, 230, 99),
(4722, 231, 99),
(4723, 232, 99),
(4724, 233, 99),
(4725, 234, 99),
(4726, 235, 99),
(4727, 236, 99),
(4728, 237, 99),
(4729, 238, 99),
(4730, 239, 99),
(4731, 240, 99),
(4732, 241, 99),
(4733, 242, 99),
(4734, 243, 99),
(4735, 244, 99),
(4736, 245, 99),
(4737, 305, 74),
(4738, 307, 74),
(4739, 311, 74),
(4740, 313, 74),
(4741, 315, 74),
(4742, 317, 74),
(4743, 319, 74),
(4744, 323, 74),
(4745, 325, 74),
(4746, 329, 74),
(4747, 331, 74),
(4748, 333, 74),
(4749, 335, 74),
(4750, 337, 74),
(4751, 339, 74),
(4752, 341, 74),
(4753, 346, 74),
(4754, 348, 74),
(4755, 350, 74),
(4756, 352, 74),
(4757, 354, 74),
(4758, 355, 74),
(4759, 357, 74),
(4760, 359, 74),
(4761, 361, 74),
(4762, 363, 74),
(4763, 367, 74),
(4764, 368, 74),
(4765, 370, 74),
(4766, 373, 74),
(4767, 379, 74),
(4768, 381, 74),
(4769, 383, 74),
(4770, 385, 74),
(4771, 387, 74),
(4772, 388, 74),
(4773, 390, 74),
(4774, 393, 74),
(4775, 294, 67),
(4776, 295, 67),
(4777, 296, 67),
(4778, 297, 67),
(4779, 298, 67),
(4780, 299, 67),
(4781, 300, 67),
(4782, 301, 67),
(4783, 302, 67),
(4784, 303, 67),
(4785, 304, 67),
(4786, 306, 67),
(4787, 308, 67),
(4788, 309, 67),
(4789, 310, 67),
(4790, 312, 67),
(4791, 314, 67),
(4792, 316, 67),
(4793, 318, 67),
(4794, 320, 67),
(4795, 321, 67),
(4796, 322, 67),
(4797, 324, 67),
(4798, 326, 67),
(4799, 327, 67),
(4800, 328, 67),
(4801, 330, 67),
(4802, 332, 67),
(4803, 334, 67),
(4804, 336, 67),
(4805, 338, 67),
(4806, 340, 67),
(4807, 342, 67),
(4808, 343, 67),
(4809, 344, 67),
(4810, 345, 67),
(4811, 347, 67),
(4812, 349, 67),
(4813, 351, 67),
(4814, 353, 67),
(4815, 356, 67),
(4816, 358, 67),
(4817, 360, 67),
(4818, 362, 67),
(4819, 364, 67),
(4820, 365, 67),
(4821, 366, 67),
(4822, 369, 67),
(4823, 371, 67),
(4824, 372, 67),
(4825, 374, 67),
(4826, 375, 67),
(4827, 376, 67),
(4828, 377, 67),
(4829, 378, 67),
(4830, 380, 67),
(4831, 382, 67),
(4832, 384, 67),
(4833, 386, 67),
(4834, 389, 67),
(4835, 391, 67),
(4836, 392, 67),
(4837, 394, 67),
(4838, 395, 67),
(4839, 396, 67),
(4840, 397, 67),
(4841, 398, 67),
(4842, 399, 67),
(4843, 400, 67),
(4844, 401, 67),
(4845, 402, 67),
(4846, 403, 67),
(4847, 404, 67),
(4848, 405, 67),
(4849, 406, 67),
(4850, 407, 67),
(4851, 408, 67),
(4852, 410, 67),
(4853, 294, 95),
(4854, 295, 95),
(4855, 296, 95),
(4856, 297, 95),
(4857, 298, 95),
(4858, 299, 95),
(4859, 300, 95),
(4860, 301, 95),
(4861, 302, 95),
(4862, 303, 95),
(4863, 304, 95),
(4864, 306, 95),
(4865, 308, 95),
(4866, 309, 95),
(4867, 310, 95),
(4868, 312, 95),
(4869, 314, 95),
(4870, 316, 95),
(4871, 318, 95),
(4872, 320, 95),
(4873, 321, 95),
(4874, 322, 95),
(4875, 324, 95),
(4876, 326, 95),
(4877, 327, 95),
(4878, 328, 95),
(4879, 330, 95),
(4880, 332, 95),
(4881, 334, 95),
(4882, 336, 95),
(4883, 338, 95),
(4884, 340, 95),
(4885, 342, 95),
(4886, 343, 95),
(4887, 344, 95),
(4888, 345, 95),
(4889, 347, 95),
(4890, 349, 95),
(4891, 351, 95),
(4892, 353, 95),
(4893, 356, 95),
(4894, 358, 95),
(4895, 360, 95),
(4896, 362, 95),
(4897, 364, 95),
(4898, 365, 95),
(4899, 366, 95),
(4900, 369, 95),
(4901, 371, 95),
(4902, 372, 95),
(4903, 374, 95),
(4904, 375, 95),
(4905, 376, 95),
(4906, 377, 95),
(4907, 378, 95),
(4908, 380, 95),
(4909, 382, 95),
(4910, 384, 95),
(4911, 386, 95),
(4912, 389, 95),
(4913, 391, 95),
(4914, 392, 95),
(4915, 394, 95),
(4916, 395, 95),
(4917, 396, 95),
(4918, 397, 95),
(4919, 398, 95),
(4920, 399, 95),
(4921, 400, 95),
(4922, 401, 95),
(4923, 402, 95),
(4924, 403, 95),
(4925, 404, 95),
(4926, 405, 95),
(4927, 406, 95),
(4928, 407, 95),
(4929, 408, 95),
(4930, 410, 95),
(4931, 719, 92),
(4932, 720, 92),
(4933, 721, 92),
(4934, 4, 11),
(4935, 9, 11),
(4936, 10, 11),
(4937, 12, 11);

-- --------------------------------------------------------

--
-- Table structure for table `user`
--

CREATE TABLE `user` (
  `uid` int(10) NOT NULL,
  `uname` varchar(255) NOT NULL,
  `password` varchar(255) NOT NULL,
  `email` varchar(255) NOT NULL,
  `designation` varchar(255) NOT NULL,
  `privileges` int(10) NOT NULL DEFAULT '1',
  `status` int(10) NOT NULL DEFAULT '1',
  `cse` int(1) NOT NULL DEFAULT '0',
  `tle` int(1) NOT NULL DEFAULT '0',
  `ee` int(1) NOT NULL DEFAULT '0',
  `department` varchar(255) NOT NULL DEFAULT 'Computer Software Engineering'
) ENGINE=InnoDB DEFAULT CHARSET=latin1;

--
-- Dumping data for table `user`
--

INSERT INTO `user` (`uid`, `uname`, `password`, `email`, `designation`, `privileges`, `status`, `cse`, `tle`, `ee`, `department`) VALUES
(2, 'Dr. Sadaqat Jan', 'sadaqatmardan', 'sadaqatmardan', 'Professor', 1, 1, 1, 0, 1, 'CSE'),
(3, 'Dr. Ibrar Ali Shah', 'ibrar', 'ibrar@uetmardan.edu.pk', 'Associate Professor', 1, 1, 1, 0, 0, 'CSE'),
(4, 'Dr. Muhammad Usman', 'usmanali', 'usman@uetmardan.edu.pk', 'Assistant Professor', 1, 1, 1, 0, 1, 'CSE'),
(5, 'Dr. Sohail Khan', 'sohailP', 'sohail.khan@uetmardan.edu.pk', 'Assistant Professor', 1, 1, 1, 0, 0, 'CSE'),
(6, 'Engr. Imran Maqsood', 'maqsoodimran', 'imranmaqsood@uetmardan.edu.pk', 'Assistant Professor', 1, 1, 1, 0, 0, 'CSE'),
(7, 'Engr. FahimUllah Khan', '1617652', 'fahim@uetmardan.edu.pk', 'Lecturer', 1, 1, 1, 0, 0, 'CSE'),
(8, 'Engr. Shaharyar', '123456', 'engrshaharyar@uetmardan.edu.pk', 'Lecturer', 1, 1, 1, 0, 0, 'CSE'),
(9, 'Engr. Muhammad Ishaq', '9876453243', 'ishaquet82@gmail.com', 'Lecturer', 1, 1, 1, 0, 0, 'CSE'),
(10, 'Engr. Syed Zafar Ali Shah', 'alishah', 'zafar@uetmardan.edu.pk', 'Lecturer', 1, 1, 1, 0, 0, 'CSE'),
(11, 'Engr. Lubna Gul', 'lubnamardan', 'lubna.msse@gmail.com', 'Lecturer', 1, 1, 1, 0, 0, 'CSE'),
(12, 'Engr. Muhammad Humayun Khan', 'humayun', 'humayun@uetmardan.edu.pk', 'Lab Engineer', 1, 1, 1, 0, 0, 'CSE'),
(13, 'Admin CSE', 'cse', 'cse', 'CSE Department Admin', 2, 1, 1, 0, 0, 'CSE'),
(14, 'Dr. Muhammad Abbas Mehmood', 'abbasali', 'abbas@uetmardan.edu.pk', 'Associate Professor', 1, 1, 1, 1, 1, 'BSI'),
(16, 'Engr. Malak Fawad Nazir', 'amalik', 'engrfawad@gmail.com', 'Assistant Professor', 1, 1, 1, 0, 1, 'CSE'),
(19, 'Dr. Murtaza Ali', '8767876', 'murtaza.ali@uetmardan.edu.pk', 'Assistant Professor', 1, 1, 1, 1, 1, 'BSI'),
(21, 'Dr. Mushtaq Ahmed', 'mushimardan', 'mushtaq@uetmardan.edu.pk', 'Assistant Professor', 1, 1, 1, 1, 1, 'BSI'),
(22, 'Mr. Muhammad Waseem', 'waseemakram', 'waseem', 'Lecturer', 1, 1, 1, 1, 1, 'BSI'),
(23, 'Mr. Fazl-e-Amin', 'faizian', 'fazleamin', 'Lecturer', 1, 1, 1, 1, 1, 'BSI'),
(24, 'Mr. Amjad Ali', 'amjadkhan', 'amjad', 'Lecturer', 1, 1, 1, 1, 1, 'BSI'),
(25, 'Admin TLE', 'admin', 'telecomadmin@uetmardan.edu.pk', 'Admin Telecommunication Engineering', 2, 1, 0, 1, 0, 'TLE'),
(26, 'Admin Electrical', 'admin1', 'electricaladmin@uetmardan.edu.pk', 'Admin Electrical Engieering', 2, 1, 0, 0, 1, 'EE'),
(27, 'Dr. Imran Khan', 'kamikhan', 'imran@uetmardan.edu.pk', 'Associate Professor', 1, 1, 0, 0, 1, 'EE'),
(28, 'Dr.  Muhammad Usman ', '8432987423987', 'usman@uetmardan.edu.pk', 'Assistant Professor', 1, 1, 0, 0, 0, 'EE'),
(29, 'Engr. Sheraz Khan', 'asjadjk', 'sheraz@uetmardan.edu.pk', 'Assistant Professor', 1, 1, 0, 0, 1, 'EE'),
(30, 'Engr. Sajjad Ali', '9872mda', 'sajjadali@uetmardan.edu.pk', 'Assistant Professor', 1, 1, 1, 0, 1, 'EE');

--
-- Indexes for dumped tables
--

--
-- Indexes for table `assign_course`
--
ALTER TABLE `assign_course`
  ADD PRIMARY KEY (`ac_id`);

--
-- Indexes for table `clo`
--
ALTER TABLE `clo`
  ADD PRIMARY KEY (`clo_id`);

--
-- Indexes for table `clo_attainment`
--
ALTER TABLE `clo_attainment`
  ADD PRIMARY KEY (`attainment_id`);

--
-- Indexes for table `clo_plo`
--
ALTER TABLE `clo_plo`
  ADD PRIMARY KEY (`clo_id`,`plo_id`);

--
-- Indexes for table `course`
--
ALTER TABLE `course`
  ADD PRIMARY KEY (`course_id`);

--
-- Indexes for table `department`
--
ALTER TABLE `department`
  ADD PRIMARY KEY (`department_id`);

--
-- Indexes for table `exam_score`
--
ALTER TABLE `exam_score`
  ADD PRIMARY KEY (`id`);

--
-- Indexes for table `plo`
--
ALTER TABLE `plo`
  ADD PRIMARY KEY (`plo_id`);

--
-- Indexes for table `schedule`
--
ALTER TABLE `schedule`
  ADD PRIMARY KEY (`s_no`);

--
-- Indexes for table `student`
--
ALTER TABLE `student`
  ADD PRIMARY KEY (`std_id`);

--
-- Indexes for table `student_course`
--
ALTER TABLE `student_course`
  ADD PRIMARY KEY (`sc_id`);

--
-- Indexes for table `user`
--
ALTER TABLE `user`
  ADD PRIMARY KEY (`uid`);

--
-- AUTO_INCREMENT for dumped tables
--

--
-- AUTO_INCREMENT for table `assign_course`
--
ALTER TABLE `assign_course`
  MODIFY `ac_id` int(10) NOT NULL AUTO_INCREMENT, AUTO_INCREMENT=114;
--
-- AUTO_INCREMENT for table `clo`
--
ALTER TABLE `clo`
  MODIFY `clo_id` int(10) NOT NULL AUTO_INCREMENT, AUTO_INCREMENT=172;
--
-- AUTO_INCREMENT for table `clo_attainment`
--
ALTER TABLE `clo_attainment`
  MODIFY `attainment_id` int(10) NOT NULL AUTO_INCREMENT, AUTO_INCREMENT=3115;
--
-- AUTO_INCREMENT for table `course`
--
ALTER TABLE `course`
  MODIFY `course_id` int(10) NOT NULL AUTO_INCREMENT, AUTO_INCREMENT=116;
--
-- AUTO_INCREMENT for table `department`
--
ALTER TABLE `department`
  MODIFY `department_id` int(15) NOT NULL AUTO_INCREMENT, AUTO_INCREMENT=5;
--
-- AUTO_INCREMENT for table `exam_score`
--
ALTER TABLE `exam_score`
  MODIFY `id` int(11) NOT NULL AUTO_INCREMENT, AUTO_INCREMENT=13;
--
-- AUTO_INCREMENT for table `schedule`
--
ALTER TABLE `schedule`
  MODIFY `s_no` int(11) NOT NULL AUTO_INCREMENT, AUTO_INCREMENT=17;
--
-- AUTO_INCREMENT for table `student`
--
ALTER TABLE `student`
  MODIFY `std_id` int(10) NOT NULL AUTO_INCREMENT, AUTO_INCREMENT=216;
--
-- AUTO_INCREMENT for table `student_course`
--
ALTER TABLE `student_course`
  MODIFY `sc_id` int(10) NOT NULL AUTO_INCREMENT, AUTO_INCREMENT=4938;
--
-- AUTO_INCREMENT for table `user`
--
ALTER TABLE `user`
  MODIFY `uid` int(10) NOT NULL AUTO_INCREMENT, AUTO_INCREMENT=31;
/*!40101 SET CHARACTER_SET_CLIENT=@OLD_CHARACTER_SET_CLIENT */;
/*!40101 SET CHARACTER_SET_RESULTS=@OLD_CHARACTER_SET_RESULTS */;
/*!40101 SET COLLATION_CONNECTION=@OLD_COLLATION_CONNECTION */;
